{
    "HomeStorage0": {
        "type": "ProsumerStorage",
        "s0": 21.23869802773058,
        "sn": 14.848303838364806,
        "alpha": 0.1602763376071644,
        "eta": 0.9044883182996897,
        "power_limit_up": 16.004209828410772,
        "power_limit_down": -16.004209828410772,
        "su": [
            29.696607676729613,
            29.696607676729613,
            29.696607676729613,
            29.696607676729613,
            29.696607676729613,
            29.696607676729613
        ],
        "sl": [
            0,
            0,
            0,
            0,
            0,
            0
        ],
        "gamma": [
            0,
            0,
            0,
            0,
            0,
            0
        ],
        "available": [
            1,
            1,
            1,
            1,
            1,
            1
        ],
        "oppcprice": [
            17.527358564552337,
            92.53131860986386,
            73.76316079620743,
            26.509958939719688,
            107.8720207592281,
            68.82165101481188
        ],
        "oppdprice": [
            16.932131670893625,
            85.09960707544695,
            66.46019519381976,
            18.671706119242295,
            106.53297952361162,
            67.04690502241068
        ],
        "beta": [
            0.3480048592987277,
            0.3480048592987277,
            0.3480048592987277,
            0.3480048592987277,
            0.3480048592987277,
            0.3480048592987277
        ]
    },
    "HomeStorage1": {
        "type": "ProsumerStorage",
        "s0": 39.18899813935349,
        "sn": 24.51891270023719,
        "alpha": 0.14614793622529318,
        "eta": 0.9280529176286455,
        "power_limit_up": 14.447501596176556,
        "power_limit_down": -14.447501596176556,
        "su": [
            49.03782540047438,
            49.03782540047438,
            49.03782540047438,
            49.03782540047438,
            49.03782540047438,
            49.03782540047438
        ],
        "sl": [
            0,
            0,
            0,
            0,
            0,
            0
        ],
        "gamma": [
            0,
            0,
            0,
            0,
            0,
            0
        ],
        "available": [
            1,
            1,
            1,
            1,
            1,
            1
        ],
        "oppcprice": [
            14.379877020432318,
            50.05138599987421,
            40.8917047602301,
            58.14845984946989,
            -1.6932450693317906,
            24.888063455147805
        ],
        "oppdprice": [
            12.57374653590605,
            45.7005886576066,
            37.439176351179285,
            50.29877825296073,
            -4.752161092724775,
            21.784829236927177
        ],
        "beta": [
            0.2467735987499028,
            0.2467735987499028,
            0.2467735987499028,
            0.2467735987499028,
            0.2467735987499028,
            0.2467735987499028
        ]
    },
    "HomeStorage2": {
        "type": "ProsumerStorage",
        "s0": 32.36509836822046,
        "sn": 23.734331766579043,
        "alpha": 0.13595079005737862,
        "eta": 0.8937031953799341,
        "power_limit_up": 35.98622911439643,
        "power_limit_down": -35.98622911439643,
        "su": [
            47.468663533158086,
            47.468663533158086,
            47.468663533158086,
            47.468663533158086,
            47.468663533158086,
            47.468663533158086
        ],
        "sl": [
            0,
            0,
            0,
            0,
            0,
            0
        ],
        "gamma": [
            0,
            0,
            0,
            0,
            0,
            0
        ],
        "available": [
            1,
            1,
            1,
            1,
            1,
            1
        ],
        "oppcprice": [
            44.67697420451233,
            27.666518948371404,
            11.045317453983252,
            57.05962653161262,
            29.710311028184194,
            19.313003910024616
        ],
        "oppdprice": [
            39.58666037205331,
            24.228093111714443,
            6.5541295616818145,
            56.966617236086435,
            22.526669514168418,
            12.984017958783294
        ],
        "beta": [
            0.06452380715399851,
            0.06452380715399851,
            0.06452380715399851,
            0.06452380715399851,
            0.06452380715399851,
            0.06452380715399851
        ]
    },
    "HomeStorage3": {
        "type": "ProsumerStorage",
        "s0": 8.710666460213107,
        "sn": 17.194937322971466,
        "alpha": 0.14663107728563063,
        "eta": 0.8744425592001602,
        "power_limit_up": 11.251530172458317,
        "power_limit_down": -11.251530172458317,
        "su": [
            34.38987464594293,
            34.38987464594293,
            34.38987464594293,
            34.38987464594293,
            34.38987464594293,
            34.38987464594293
        ],
        "sl": [
            0,
            0,
            0,
            0,
            0,
            0
        ],
        "gamma": [
            0,
            0,
            0,
            0,
            0,
            0
        ],
        "available": [
            1,
            1,
            1,
            1,
            1,
            1
        ],
        "oppcprice": [
            48.30302675404775,
            19.306120882038908,
            31.803605056479793,
            30.226028241250503,
            69.85898565837228,
            27.788735455895925
        ],
        "oppdprice": [
            41.07983696039224,
            18.00968014202934,
            24.572392319631497,
            30.03770396135767,
            65.60819527155388,
            27.60282416141862
        ],
        "beta": [
            0.2419382078980184,
            0.2419382078980184,
            0.2419382078980184,
            0.2419382078980184,
            0.2419382078980184,
            0.2419382078980184
        ]
    },
    "HeatPump0": {
        "type": "ProsumerStorage",
        "s0": 1.4995938019506798,
        "sn": 19.133430536461788,
        "alpha": 0.12828069625764096,
        "eta": 0.5240393122426338,
        "power_limit_up": 16.719256851935167,
        "power_limit_down": 0,
        "su": [
            38.266861072923575,
            38.266861072923575,
            38.266861072923575,
            38.266861072923575,
            38.266861072923575,
            38.266861072923575
        ],
        "sl": [
            0,
            0,
            0,
            0,
            0,
            0
        ],
        "gamma": [
            2.1405099099825375,
            2.1405099099825375,
            2.1405099099825375,
            2.1405099099825375,
            2.1405099099825375,
            2.1405099099825375
        ],
        "available": [
            1,
            1,
            1,
            1,
            1,
            1
        ],
        "oppcprice": [
            18.316099145481225,
            -6.034202728844718,
            44.73136379343341,
            29.285841701113014,
            -3.4719559190945244,
            52.34086014735398
        ],
        "oppdprice": [
            14.502083573214822,
            -13.282678642777185,
            41.338935757882844,
            28.720211281722726,
            -8.923404299483934,
            49.680143187063436
        ],
        "beta": [
            0,
            0,
            0,
            0,
            0,
            0
        ]
    },
    "HeatPump1": {
        "type": "ProsumerStorage",
        "s0": 7.830103763415202,
        "sn": 5.465451904098824,
        "alpha": 0.12894060929472012,
        "eta": 0.5366382724014234,
        "power_limit_up": 7.315073939777703,
        "power_limit_down": 0,