{
    "HomeStorage0": {
        "type": "ProsumerStorage",
        "s0": 17.11922486033346,
        "sn": 11.882995105807915,
        "alpha": 0.1000114374817345,
        "eta": 0.8802332572631839,
        "power_limit_up": 7.543437294048341,
        "power_limit_down": -7.543437294048341,
        "su": [
            23.76599021161583,
            23.76599021161583,
            23.76599021161583,
            23.76599021161583,
            23.76599021161583,
            23.76599021161583
        ],
        "sl": [
            0,
            0,
            0,
            0,
            0,
            0
        ],
        "gamma": [
            0,
            0,
            0,
            0,
            0,
            0
        ],
        "available": [
            1,
            1,
            1,
            1,
            1,
            1
        ],
        "oppcprice": [
            10.50839797311159,
            -4.1204120641751825,
            -23.02582946080032,
            70.2758759440037,
            12.879623027546115,
            56.99631504163532
        ],
        "oppdprice": [
            9.533337464239153,
            -11.901311318591773,
            -25.662089379373104,
            65.61431436294072,
            9.349141655112128,
            50.11941055039719
        ],
        "beta": [
            0.07924059563395153,
            0.07924059563395153,
            0.07924059563395153,
            0.07924059563395153,
            0.07924059563395153,
            0.07924059563395153
        ]
    },
    "HomeStorage1": {
        "type": "ProsumerStorage",
        "s0": 39.73116678025059,
        "sn": 20.516752795199576,
        "alpha": 0.1313424178159243,
        "eta": 0.9192322615669314,
        "power_limit_up": 36.97575646216356,
        "power_limit_down": -36.97575646216356,
        "su": [
            41.03350559039915,
            41.03350559039915,
            41.03350559039915,
            41.03350559039915,
            41.03350559039915,
            41.03350559039915
        ],
        "sl": [
            0,
            0,
            0,
            0,
            0,
            0
        ],
        "gamma": [
            0,
            0,
            0,
            0,
            0,
            0
        ],
        "available": [
            1,
            1,
            1,
            1,
            1,
            1
        ],
        "oppcprice": [
            54.23495766086834,
            37.547378693176704,
            91.03521033517453,
            48.82125679074377,
            70.45180051677389,
            9.877462418536684
        ],
        "oppdprice": [
            52.911963036047325,
            29.693684911930237,
            89.03636485473426,
            48.732145501995724,
            68.4371257518126,
            4.121014355051925
        ],
        "beta": [
            0.31571173138059544,
            0.31571173138059544,
            0.31571173138059544,
            0.31571173138059544,
            0.31571173138059544,
            0.31571173138059544
        ]
    },
    "HomeStorage2": {
        "type": "ProsumerStorage",
        "s0": 4.320009334439803,
        "sn": 4.8225851479969455,
        "alpha": 0.19085955030930957,
        "eta": 0.879361414837368,
        "power_limit_up": 4.149547777320887,
        "power_limit_down": -4.149547777320887,
        "su": [
            9.645170295993891,
            9.645170295993891,
            9.645170295993891,
            9.645170295993891,
            9.645170295993891,
            9.645170295993891
        ],
        "sl": [
            0,
            0,
            0,
            0,
            0,
            0
        ],
        "gamma": [
            0,
            0,
            0,
            0,
            0,
            0
        ],
        "available": [
            1,
            1,
            1,
            1,
            1,
            1
        ],
        "oppcprice": [
            11.779825015764859,
            57.500908767387685,
            38.33355751198355,
            -6.364114533210238,
            42.75101323839918,
            23.42221739367667
        ],
        "oppdprice": [
            4.95365361501134,
            54.21535306261396,
            35.931624392151,
            -13.54543910258763,
            38.06346114095573,
            20.97741865549863
        ],
        "beta": [
            0.16567170781076107,
            0.16567170781076107,
            0.16567170781076107,
            0.16567170781076107,
            0.16567170781076107,
            0.16567170781076107
        ]
    },
    "HomeStorage3": {
        "type": "ProsumerStorage",
        "s0": 3.8841265896290853,
        "sn": 3.623952826286961,
        "alpha": 0.16637946452197888,
        "eta": 0.9014889112058309,
        "power_limit_up": 6.926648067584786,
        "power_limit_down": -6.926648067584786,
        "su": [
            7.247905652573922,
            7.247905652573922,
            7.247905652573922,
            7.247905652573922,
            7.247905652573922,
            7.247905652573922
        ],
        "sl": [
            0,
            0,
            0,
            0,
            0,
            0
        ],
        "gamma": [
            0,
            0,
            0,
            0,
            0,
            0
        ],
        "available": [
            1,
            1,
            1,
            1,
            1,
            1
        ],
        "oppcprice": [
            62.859580662482756,
            44.904815408939626,
            28.90369119984305,
            73.33466794333597,
            73.28799432854265,
            19.795356228677807
        ],
        "oppdprice": [
            60.66756454528637,
            43.97126413858611,
            25.89306885628792,
            71.34220741555467,
            68.07918106436539,
            13.954779362798016
        ],
        "beta": [
            0.3583544872784268,
            0.3583544872784268,
            0.3583544872784268,
            0.3583544872784268,
            0.3583544872784268,
            0.3583544872784268
        ]
    },
    "HeatPump0": {
        "type": "ProsumerStorage",
        "s0": 23.41097880760722,
        "sn": 12.132051772104136,
        "alpha": 0.1663441497818448,
        "eta": 0.6243391440418243,
        "power_limit_up": 7.080187244058948,
        "power_limit_down": 0,
        "su": [
            24.26410354420827,
            24.26410354420827,
            24.26410354420827,
            24.26410354420827,
            24.26410354420827,
            24.26410354420827
        ],
        "sl": [
            0,
            0,
            0,
            0,
            0,
            0
        ],
        "gamma": [
            2.36513046157951,
            2.36513046157951,
            2.36513046157951,
            2.36513046157951,
            2.36513046157951,
            2.36513046157951
        ],
        "available": [
            1,
            1,
            1,
            1,
            1,
            1
        ],
        "oppcprice": [
            98.28201084088431,
            2.760097720316327,
            1.490298521877613,
            26.547576988094633,
            44.26765518527548,
            63.36450456309933
        ],
        "oppdprice": [
            90.30497345713358,
            -0.3027429707178815,
            -3.8965422639456175,
            22.764041806155507,
            43.35519197976168,
            58.22266264311933
        ],
        "beta": [
            0,
            0,
            0,
            0,
            0,
            0
        ]
    },
    "HeatPump1": {
        "type": "ProsumerStorage",
        "s0": 28.60230653848202,
        "sn": 22.94204089569548,
        "alpha": 0.10158212428465563,
        "eta": 0.6858874467487522,
        "power_limit_up": 34.537752896491334,
        "power_limit_down": 0,