{
    "HomeStorage0": {
        "type": "ProsumerStorage",
        "s0": 0.638297880031514,
        "sn": 12.309885298195084,
        "alpha": 0.15496624778787094,
        "eta": 0.8935322392618277,
        "power_limit_up": 13.203441202080214,
        "power_limit_down": -13.203441202080214,
        "su": [
            24.61977059639017,
            24.61977059639017,
            24.61977059639017,
            24.61977059639017,
            24.61977059639017,
            24.61977059639017
        ],
        "sl": [
            0,
            0,
            0,
            0,
            0,
            0
        ],
        "gamma": [
            0,
            0,
            0,
            0,
            0,
            0
        ],
        "available": [
            1,
            1,
            1,
            1,
            1,
            1
        ],
        "oppcprice": [
            11.347852841415703,
            23.54071713720327,
            -0.026849966733896835,
            63.8290613665206,
            59.72121799044463,
            2.038267658216453
        ],
        "oppdprice": [
            7.5809895956320155,
            16.617356699962738,
            -3.9182249966079254,
            57.30458029169592,
            58.00389917297802,
            0.8700699993323635
        ],
        "beta": [
            0.19769473495277112,
            0.19769473495277112,
            0.19769473495277112,
            0.19769473495277112,
            0.19769473495277112,
            0.19769473495277112
        ]
    },
    "HomeStorage1": {
        "type": "ProsumerStorage",
        "s0": 3.4323430843910683,
        "sn": 21.54763342054303,
        "alpha": 0.1505246090121704,
        "eta": 0.8565286504386878,
        "power_limit_up": 23.3790901269663,
        "power_limit_down": -23.3790901269663,
        "su": [
            43.09526684108606,
            43.09526684108606,
            43.09526684108606,
            43.09526684108606,
            43.09526684108606,
            43.09526684108606
        ],
        "sl": [
            0,
            0,
            0,
            0,
            0,
            0
        ],
        "gamma": [
            0,
            0,
            0,
            0,
            0,
            0
        ],
        "available": [
            1,
            1,
            1,
            1,
            1,
            1
        ],
        "oppcprice": [
            2.949508746140255,
            53.082548257837445,
            34.14836320839253,
            31.776681667826516,
            27.84760606230461,
            -16.65407125344635
        ],
        "oppdprice": [
            -3.4365454437400222,
            50.20580205955676,
            30.012921892806546,
            27.81857542797491,
            22.942747271253083,
            -18.304971617913733
        ],
        "beta": [
            0.23200167155112267,
            0.23200167155112267,
            0.23200167155112267,
            0.23200167155112267,
            0.23200167155112267,
            0.23200167155112267
        ]
    },
    "HomeStorage2": {
        "type": "ProsumerStorage",
        "s0": 8.621662301855492,
        "sn": 6.1517184663020625,
        "alpha": 0.19645510800892552,
        "eta": 0.9000008361170216,
        "power_limit_up": 11.216010592158732,
        "power_limit_down": -11.216010592158732,
        "su": [
            12.303436932604125,
            12.303436932604125,
            12.303436932604125,
            12.303436932604125,
            12.303436932604125,
            12.303436932604125
        ],
        "sl": [
            0,
            0,
            0,
            0,
            0,
            0
        ],
        "gamma": [
            0,
            0,
            0,
            0,
            0,
            0
        ],
        "available": [
            1,
            1,
            1,
            1,
            1,
            1
        ],
        "oppcprice": [
            61.50154866181607,
            -10.720023846940594,
            -5.032469922572989,
            -11.583289273621538,
            45.203974727569815,
            80.42242434013959
        ],
        "oppdprice": [
            61.131486477375,
            -14.366358565755776,
            -12.37571054437279,
            -16.652550060221376,
            44.01077875960583,
            75.67262468452319
        ],
        "beta": [
            0.010880946357939836,
            0.010880946357939836,
            0.010880946357939836,
            0.010880946357939836,
            0.010880946357939836,
            0.010880946357939836
        ]
    },
    "HomeStorage3": {
        "type": "ProsumerStorage",
        "s0": 1.082567061468655,
        "sn": 8.06148787744045,
        "alpha": 0.1993852011421273,
        "eta": 0.9470580313377173,
        "power_limit_up": 13.546631945337511,
        "power_limit_down": -13.546631945337511,
        "su": [
            16.1229757548809,
            16.1229757548809,
            16.1229757548809,
            16.1229757548809,
            16.1229757548809,
            16.1229757548809
        ],
        "sl": [
            0,
            0,
            0,
            0,
            0,
            0
        ],
        "gamma": [
            0,
            0,
            0,
            0,
            0,
            0
        ],
        "available": [
            1,
            1,
            1,
            1,
            1,
            1
        ],
        "oppcprice": [
            77.45952014811733,
            54.39471059582229,
            25.91247073615959,
            17.486380515352952,
            -18.457684949443898,
            49.812636512259324
        ],
        "oppdprice": [
            69.82495187008054,
            54.259938158679994,
            21.443310090998366,
            13.518384030386173,
            -23.869354409166306,
            43.89059453423642
        ],
        "beta": [
            0.15475595412830498,
            0.15475595412830498,
            0.15475595412830498,
            0.15475595412830498,
            0.15475595412830498,
            0.15475595412830498
        ]
    },
    "HeatPump0": {
        "type": "ProsumerStorage",
        "s0": 31.268105352843758,
        "sn": 21.22038024177627,
        "alpha": 0.13792105669416374,
        "eta": 0.5026034673389101,
        "power_limit_up": 35.562129717417804,
        "power_limit_down": 0,
        "su": [
            42.44076048355254,
            42.44076048355254,
            42.44076048355254,
            42.44076048355254,
            42.44076048355254,
            42.44076048355254
        ],
        "sl": [
            0,
            0,
            0,
            0,
            0,
            0
        ],
        "gamma": [
            2.6936912959644683,
            2.6936912959644683,
            2.6936912959644683,
            2.6936912959644683,
            2.6936912959644683,
            2.6936912959644683
        ],
        "available": [
            1,
            1,
            1,
            1,
            1,
            1
        ],
        "oppcprice": [
            29.826227152931036,
            41.7730402438972,
            10.70029474677182,
            82.25298817055138,
            -30.91865217022636,
            37.56126338958245
        ],
        "oppdprice": [
            24.63320236334416,
            38.180863486492555,
            10.48358026577042,
            75.15519789245594,
            -36.41258394278865,
            29.89564506810493
        ],
        "beta": [
            0,
            0,
            0,
            0,
            0,
            0
        ]
    },
    "HeatPump1": {
        "type": "ProsumerStorage",
        "s0": 25.13537641349127,
        "sn": 19.11399456897026,
        "alpha": 0.12146357463999537,
        "eta": 0.5833506880390674,
        "power_limit_up": 27.335823799722352,
        "power_limit_down": 0,