{
    "HomeStorage0": {
        "type": "ProsumerStorage",
        "s0": 21.092824206576736,
        "sn": 14.89295280792795,
        "alpha": 0.12909047389129444,
        "eta": 0.9010827605197662,
        "power_limit_up": 27.234968084903365,
        "power_limit_down": -27.234968084903365,
        "su": [
            29.7859056158559,
            29.7859056158559,
            29.7859056158559,
            29.7859056158559,
            29.7859056158559,
            29.7859056158559
        ],
        "sl": [
            0,
            0,
            0,
            0,
            0,
            0
        ],
        "gamma": [
            0,
            0,
            0,
            0,
            0,
            0
        ],
        "available": [
            1,
            1,
            1,
            1,
            1,
            1
        ],
        "oppcprice": [
            27.73221011566177,
            38.45544425081718,
            95.40197698967545,
            23.965000634956542,
            65.04630371531495,
            8.52243691793068
        ],
        "oppdprice": [
            24.459112654992573,
            30.6472993098345,
            91.8728096936025,
            18.039020210216265,
            60.367113291395505,
            2.7906375721012298
        ],
        "beta": [
            0.27725516732519856,
            0.27725516732519856,
            0.27725516732519856,
            0.27725516732519856,
            0.27725516732519856,
            0.27725516732519856
        ]
    },
    "HomeStorage1": {
        "type": "ProsumerStorage",
        "s0": 3.8935227291002654,
        "sn": 12.410208647591638,
        "alpha": 0.15446490180318448,
        "eta": 0.9280314764511367,
        "power_limit_up": 11.047340033119195,
        "power_limit_down": -11.047340033119195,
        "su": [
            24.820417295183276,
            24.820417295183276,
            24.820417295183276,
            24.820417295183276,
            24.820417295183276,
            24.820417295183276
        ],
        "sl": [
            0,
            0,
            0,
            0,
            0,
            0
        ],
        "gamma": [
            0,
            0,
            0,
            0,
            0,
            0
        ],
        "available": [
            1,
            1,
            1,
            1,
            1,
            1
        ],
        "oppcprice": [
            25.743195703613097,
            4.616294457636696,
            57.814731060828315,
            47.62340814884358,
            30.115326255718596,
            68.01202987754853
        ],
        "oppdprice": [
            18.480931774586892,
            1.8435816778249858,
            54.27745715993592,
            42.515926253344205,
            23.91576229443725,
            63.26418920855852
        ],
        "beta": [
            0.18757609947966764,
            0.18757609947966764,
            0.18757609947966764,
            0.18757609947966764,
            0.18757609947966764,
            0.18757609947966764
        ]
    },
    "HomeStorage2": {
        "type": "ProsumerStorage",
        "s0": 4.99420870454012,
        "sn": 8.557800510648878,
        "alpha": 0.1457686399322978,
        "eta": 0.9360533912946926,
        "power_limit_up": 11.450376852618128,
        "power_limit_down": -11.450376852618128,
        "su": [
            17.115601021297756,
            17.115601021297756,
            17.115601021297756,
            17.115601021297756,
            17.115601021297756,
            17.115601021297756
        ],
        "sl": [
            0,
            0,
            0,
            0,
            0,
            0
        ],
        "gamma": [
            0,
            0,
            0,
            0,
            0,
            0
        ],
        "available": [
            1,
            1,
            1,
            1,
            1,
            1
        ],
        "oppcprice": [
            13.610341885909428,
            14.26530437941518,
            2.087927284842264,
            34.16011003452222,
            41.795698637977935,
            1.7932628128331671
        ],
        "oppdprice": [
            6.308176836155865,
            10.133988638227873,
            -3.014663016055069,
            31.82160300904759,
            39.76966842279397,
            -0.6779938123207181
        ],
        "beta": [
            0.27567216550196566,
            0.27567216550196566,
            0.27567216550196566,
            0.27567216550196566,
            0.27567216550196566,
            0.27567216550196566
        ]
    },
    "HomeStorage3": {
        "type": "ProsumerStorage",
        "s0": 14.573360093555554,
        "sn": 10.906002793350886,
        "alpha": 0.1339848663956818,
        "eta": 0.9072793869868875,
        "power_limit_up": 10.04760715885913,
        "power_limit_down": -10.04760715885913,
        "su": [
            21.812005586701773,
            21.812005586701773,
            21.812005586701773,
            21.812005586701773,
            21.812005586701773,
            21.812005586701773
        ],
        "sl": [
            0,
            0,
            0,
            0,
            0,
            0
        ],
        "gamma": [
            0,
            0,
            0,
            0,
            0,
            0
        ],
        "available": [
            1,
            1,
            1,
            1,
            1,
            1
        ],
        "oppcprice": [
            21.39856491281114,
            37.67286629134567,
            59.87768627101838,
            12.031375194971384,
            74.76993049124407,
            63.36380283399799
        ],
        "oppdprice": [
            17.19927379788659,
            34.446176488160575,
            52.41344166248099,
            4.611872297549251,
            68.3617387016207,
            56.57869081006631
        ],
        "beta": [
            0.040041737832577876,
            0.040041737832577876,
            0.040041737832577876,
            0.040041737832577876,
            0.040041737832577876,
            0.040041737832577876
        ]
    },
    "HeatPump0": {
        "type": "ProsumerStorage",
        "s0": 5.9854823856727375,
        "sn": 5.4091119536992185,
        "alpha": 0.11878148249238783,
        "eta": 0.6904202486062416,
        "power_limit_up": 8.06270785432679,
        "power_limit_down": 0,
        "su": [
            10.818223907398437,
            10.818223907398437,
            10.818223907398437,
            10.818223907398437,
            10.818223907398437,
            10.818223907398437
        ],
        "sl": [
            0,
            0,
            0,
            0,
            0,
            0
        ],
        "gamma": [
            0.8335547936056004,
            0.8335547936056004,
            0.8335547936056004,
            0.8335547936056004,
            0.8335547936056004,
            0.8335547936056004
        ],
        "available": [
            1,
            1,
            1,
            1,
            1,
            1
        ],
        "oppcprice": [
            12.668510010451024,
            63.98235855575505,
            35.879817282685664,
            87.19006142116648,
            52.90102260268081,
            58.032437329681656
        ],
        "oppdprice": [
            9.951117261647925,
            63.29416069180255,
            32.94914179298626,
            82.11758609998735,
            49.32377918788438,
            51.60348194328275
        ],
        "beta": [
            0,
            0,
            0,
            0,
            0,
            0
        ]
    },
    "HeatPump1": {
        "type": "ProsumerStorage",
        "s0": 9.900494518797773,
        "sn": 6.82162666885607,
        "alpha": 0.17849367034311311,
        "eta": 0.6944196727367531,
        "power_limit_up": 12.016665568221706,
        "power_limit_down": 0,