{
    "HomeStorage0": {
        "type": "ProsumerStorage",
        "s0": 21.23869802773058,
        "sn": 14.848303838364806,
        "alpha": 0.1602763376071644,
        "eta": 0.9044883182996897,
        "power_limit_up": 16.004209828410772,
        "power_limit_down": -16.004209828410772,
        "su": [
            29.696607676729613,
            29.696607676729613,
            29.696607676729613,
            29.696607676729613,
            29.696607676729613,
            29.696607676729613
        ],
        "sl": [
            0,
            0,
            0,
            0,
            0,
            0
        ],
        "gamma": [
            0,
            0,
            0,
            0,
            0,
            0
        ],
        "available": [
            1,
            1,
            1,
            1,
            1,
            1
        ],
        "oppcprice": [
            17.527358564552337,
            92.53131860986386,
            73.76316079620743,
            26.509958939719688,
            107.8720207592281,
            68.82165101481188
        ],
        "oppdprice": [
            16.932131670893625,
            85.09960707544695,
            66.46019519381976,
            18.671706119242295,
            106.53297952361162,
            67.04690502241068
        ],
        "beta": [
            0.3480048592987277,
            0.3480048592987277,
            0.3480048592987277,
            0.3480048592987277,
            0.3480048592987277,
            0.3480048592987277
        ]
    },
    "HomeStorage1": {
        "type": "ProsumerStorage",
        "s0": 39.18899813935349,
        "sn": 24.51891270023719,
        "alpha": 0.14614793622529318,
        "eta": 0.9280529176286455,
        "power_limit_up": 14.447501596176556,
        "power_limit_down": -14.447501596176556,
        "su": [
            49.03782540047438,
            49.03782540047438,
            49.03782540047438,
            49.03782540047438,
            49.03782540047438,
            49.03782540047438
        ],
        "sl": [
            0,
            0,
            0,
            0,
            0,
            0
        ],
        "gamma": [
            0,
            0,
            0,
            0,
            0,
            0
        ],
        "available": [
            1,
            1,
            1,
            1,
            1,
            1
        ],
        "oppcprice": [
            14.379877020432318,
            50.05138599987421,
            40.8917047602301,
            58.14845984946989,
            -1.6932450693317906,
            24.888063455147805
        ],
        "oppdprice": [
            12.57374653590605,
            45.7005886576066,
            37.439176351179285,
            50.29877825296073,
            -4.752161092724775,
            21.784829236927177
        ],
        "beta": [
            0.2467735987499028,
            0.2467735987499028,
            0.2467735987499028,
            0.2467735987499028,
            0.2467735987499028,
            0.2467735987499028
        ]
    },
    "HeatPump0": {
        "type": "ProsumerStorage",
        "s0": 32.36509836822046,
        "sn": 23.734331766579043,
        "alpha": 0.13595079005737862,
        "eta": 0.5874063907598682,
        "power_limit_up": 35.98622911439643,
        "power_limit_down": 0,
        "su": [
            47.468663533158086,
            47.468663533158086,
            47.468663533158086,
            47.468663533158086,
            47.468663533158086,
            47.468663533158086
        ],
        "sl": [
            0,
            0,
            0,
            0,
            0,
            0
        ],
        "gamma": [
            2.5163743091026824,
            2.5163743091026824,
            2.5163743091026824,
            2.5163743091026824,
            2.5163743091026824,
            2.5163743091026824
        ],
        "available": [
            1,
            1,
            1,
            1,
            1,
            1
        ],
        "oppcprice": [
            72.80775148607256,
            72.06346263425098,
            29.671284869121273,
            31.93859331799105,
            12.038587598210862,
            2.1328550085606603
        ],
        "oppdprice": [
            69.3693256494156,
            67.57227474194954,
            29.578275573595082,
            24.754951803975274,
            5.709601646969539,
            -4.576668848359369
        ],
        "beta": [
            0,
            0,
            0,
            0,
            0,
            0
        ]
    },
    "HeatPump1": {
        "type": "ProsumerStorage",
        "s0": 8.710666460213107,
        "sn": 17.194937322971466,
        "alpha": 0.14663107728563063,
        "eta": 0.5488851184003205,
        "power_limit_up": 11.251530172458317,
        "power_limit_down": 0,
        "su": [
            34.38987464594293,
            34.38987464594293,
            34.38987464594293,
            34.38987464594293,
            34.38987464594293,
            34.38987464594293
        ],
        "sl": [
            0,
            0,
            0,
            0,
            0,
            0
        ],
        "gamma": [
            1.9092830957305822,
            1.9092830957305822,
            1.9092830957305822,
            1.9092830957305822,
            1.9092830957305822,
            1.9092830957305822
        ],
        "available": [
            1,
            1,
            1,
            1,
            1,
            1
        ],
        "oppcprice": [
            16.120891701501982,
            50.31739994291365,
            26.37852966483005,
            8.51647509006901,
            39.2484739109692,
            51.42218321414447
        ],
        "oppdprice": [
            15.934980407024678,
            47.15616410087402,
            24.292638300016463,
            0.8299774281035752,
            33.51092961158048,
            44.38375570384982
        ],
        "beta": [
            0,
            0,
            0,
            0,
            0,
            0
        ]
    },
    "Wind0": {
        "type": "ProsumerRenewable",
        "generation": [
            2.17584085118208,
            5.827457966920208,
            7.591911598549383,
            1.175586832511525,
            12.69045795624682,
            10.383713266461013
        ],
        "oppdprice": [
            20.560011684421188,
            -30.017902708996385,
            20.284227742616586,
            -6.90627521680112,
            10.495441537987228,
            29.024705798736356
        ]
    },
    "Wind1": {
        "type": "ProsumerRenewable",
        "generation": [
            4.6173360761792,
            25.09542553715204,
            10.138898835332329,
            6.417828553581123,
            20.547581604434942,
            0.7044370577884236
        ],
        "oppdprice": [
            -15.070662420889507,
            40.02203965211166,
            28.417665059478928,
            -24.96649830072597,
            55.68672516788266,
            66.55704469414889
        ]
    },
    "Consumer0": {
        "type": "ProsumerConsumer",
        "consumption": [
            14.328081281952416,
            6.724172568656508,
            12.728863646477329,
            10.519240419712265,
            4.473057181474144,
            12.238439680149574
        ],
        "oppcprice": [
            49.001569126313264,
            17.210450885732257,
            49.96263232749727,
            29.527540598260373,
            53.323785937853174,
            49.06391948794677
        ]
    },
    "Consumer1": {
        "type": "ProsumerConsumer",
        "consumption": [
            26.3492798497696,
            17.74811048295252,
            11.68127440381328,
            16.711952718114887,
            0.5289568141297142,
            8.311280469203961
        ],