{
    "HomeStorage0": {
        "type": "ProsumerStorage",
        "s0": 17.11922486033346,
        "sn": 11.882995105807915,
        "alpha": 0.1000114374817345,
        "eta": 0.8802332572631839,
        "power_limit_up": 7.543437294048341,
        "power_limit_down": -7.543437294048341,
        "su": [
            23.76599021161583,
            23.76599021161583,
            23.76599021161583,
            23.76599021161583,
            23.76599021161583,
            23.76599021161583
        ],
        "sl": [
            0,
            0,
            0,
            0,
            0,
            0
        ],
        "gamma": [
            0,
            0,
            0,
            0,
            0,
            0
        ],
        "available": [
            1,
            1,
            1,
            1,
            1,
            1
        ],
        "oppcprice": [
            10.50839797311159,
            -4.1204120641751825,
            -23.02582946080032,
            70.2758759440037,
            12.879623027546115,
            56.99631504163532
        ],
        "oppdprice": [
            9.533337464239153,
            -11.901311318591773,
            -25.662089379373104,
            65.61431436294072,
            9.349141655112128,
            50.11941055039719
        ],
        "beta": [
            0.07924059563395153,
            0.07924059563395153,
            0.07924059563395153,
            0.07924059563395153,
            0.07924059563395153,
            0.07924059563395153
        ]
    },
    "HomeStorage1": {
        "type": "ProsumerStorage",
        "s0": 39.73116678025059,
        "sn": 20.516752795199576,
        "alpha": 0.1313424178159243,
        "eta": 0.9192322615669314,
        "power_limit_up": 36.97575646216356,
        "power_limit_down": -36.97575646216356,
        "su": [
            41.03350559039915,
            41.03350559039915,
            41.03350559039915,
            41.03350559039915,
            41.03350559039915,
            41.03350559039915
        ],
        "sl": [
            0,
            0,
            0,
            0,
            0,
            0
        ],
        "gamma": [
            0,
            0,
            0,
            0,
            0,
            0
        ],
        "available": [
            1,
            1,
            1,
            1,
            1,
            1
        ],
        "oppcprice": [
            54.23495766086834,
            37.547378693176704,
            91.03521033517453,
            48.82125679074377,
            70.45180051677389,
            9.877462418536684
        ],
        "oppdprice": [
            52.911963036047325,
            29.693684911930237,
            89.03636485473426,
            48.732145501995724,
            68.4371257518126,
            4.121014355051925
        ],
        "beta": [
            0.31571173138059544,
            0.31571173138059544,
            0.31571173138059544,
            0.31571173138059544,
            0.31571173138059544,
            0.31571173138059544
        ]
    },
    "HeatPump0": {
        "type": "ProsumerStorage",
        "s0": 4.320009334439803,
        "sn": 4.8225851479969455,
        "alpha": 0.19085955030930957,
        "eta": 0.5587228296747359,
        "power_limit_up": 4.149547777320887,
        "power_limit_down": 0,
        "su": [
            9.645170295993891,
            9.645170295993891,
            9.645170295993891,
            9.645170295993891,
            9.645170295993891,
            9.645170295993891
        ],
        "sl": [
            0,
            0,
            0,
            0,
            0,
            0
        ],
        "gamma": [
            0.5449659008709802,
            0.5449659008709802,
            0.5449659008709802,
            0.5449659008709802,
            0.5449659008709802,
            0.5449659008709802
        ],
        "available": [
            1,
            1,
            1,
            1,
            1,
            1
        ],
        "oppcprice": [
            21.67539466347735,
            17.46118289336748,
            22.100103177684826,
            39.662277362162634,
            10.205057369725925,
            46.251085275122456
        ],
        "oppdprice": [
            18.38983895870362,
            15.059249773534928,
            14.918778608307433,
            34.97472526471918,
            7.760258631547885,
            41.56451943133768
        ],
        "beta": [
            0,
            0,
            0,
            0,
            0,
            0
        ]
    },
    "HeatPump1": {
        "type": "ProsumerStorage",
        "s0": 3.8841265896290853,
        "sn": 3.623952826286961,
        "alpha": 0.16637946452197888,
        "eta": 0.6029778224116616,
        "power_limit_up": 6.926648067584786,
        "power_limit_down": 0,
        "su": [
            7.247905652573922,
            7.247905652573922,
            7.247905652573922,
            7.247905652573922,
            7.247905652573922,
            7.247905652573922
        ],
        "sl": [
            0,
            0,
            0,
            0,
            0,
            0
        ],
        "gamma": [
            0.5749600623087022,
            0.5749600623087022,
            0.5749600623087022,
            0.5749600623087022,
            0.5749600623087022,
            0.5749600623087022
        ],
        "available": [
            1,
            1,
            1,
            1,
            1,
            1
        ],
        "oppcprice": [
            48.00454186548873,
            30.606670760172836,
            9.532848052742928,
            30.68419406898993,
            34.429487110005915,
            55.64328509819194
        ],
        "oppdprice": [
            46.011038690577976,
            28.414654642976448,
            8.599296782389406,
            27.673571725434805,
            32.43702658222461,
            50.43447183401468
        ],
        "beta": [
            0,
            0,
            0,
            0,
            0,
            0
        ]
    },
    "Wind0": {
        "type": "ProsumerRenewable",
        "generation": [
            15.361541607235624,
            7.340374805787779,
            16.54387602751737,
            11.375868905792657,
            10.660064279438057,
            1.9675211003192827
        ],
        "oppdprice": [
            14.129152711519263,
            32.789011376968155,
            -32.357961678798446,
            57.26529537936615,
            24.66819806841051,
            10.348988717314741
        ]
    },
    "Wind1": {
        "type": "ProsumerRenewable",
        "generation": [
            0.08845078335755374,
            19.01767654427933,
            10.065751089633572,
            16.241599481020696,
            27.300816890482633,
            11.009473763491917
        ],
        "oppdprice": [
            22.135859609716892,
            36.32029814165399,
            10.07124953039042,
            10.646451495200068,
            20.974970426354247,
            26.93471059222017
        ]
    },
    "Consumer0": {
        "type": "ProsumerConsumer",
        "consumption": [
            6.021046401072803,
            6.00839908153339,
            7.3565127225070395,
            5.670857856589992,
            0.9904405328133112,
            0.15844482122136822
        ],
        "oppcprice": [
            39.518004900678406,
            13.061132861819237,
            85.24976273154465,
            69.02658811190075,
            40.68830589093381,
            -18.969701674355875
        ]
    },
    "Consumer1": {
        "type": "ProsumerConsumer",
        "consumption": [
            27.283914283392154,
            0.9068514090808643,
            38.93621495626553,
            11.329960311490366,
            39.25098545343483,
            18.86236463445268
        ],