{
    "HomeStorage0": {
        "type": "ProsumerStorage",
        "s0": 0.638297880031514,
        "sn": 12.309885298195084,
        "alpha": 0.15496624778787094,
        "eta": 0.8935322392618277,
        "power_limit_up": 13.203441202080214,
        "power_limit_down": -13.203441202080214,
        "su": [
            24.61977059639017,
            24.61977059639017,
            24.61977059639017,
            24.61977059639017,
            24.61977059639017,
            24.61977059639017
        ],
        "sl": [
            0,
            0,
            0,
            0,
            0,
            0
        ],
        "gamma": [
            0,
            0,
            0,
            0,
            0,
            0
        ],
        "available": [
            1,
            1,
            1,
            1,
            1,
            1
        ],
        "oppcprice": [
            11.347852841415703,
            23.54071713720327,
            -0.026849966733896835,
            63.8290613665206,
            59.72121799044463,
            2.038267658216453
        ],
        "oppdprice": [
            7.5809895956320155,
            16.617356699962738,
            -3.9182249966079254,
            57.30458029169592,
            58.00389917297802,
            0.8700699993323635
        ],
        "beta": [
            0.19769473495277112,
            0.19769473495277112,
            0.19769473495277112,
            0.19769473495277112,
            0.19769473495277112,
            0.19769473495277112
        ]
    },
    "HomeStorage1": {
        "type": "ProsumerStorage",
        "s0": 3.4323430843910683,
        "sn": 21.54763342054303,
        "alpha": 0.1505246090121704,
        "eta": 0.8565286504386878,
        "power_limit_up": 23.3790901269663,
        "power_limit_down": -23.3790901269663,
        "su": [
            43.09526684108606,
            43.09526684108606,
            43.09526684108606,
            43.09526684108606,
            43.09526684108606,
            43.09526684108606
        ],
        "sl": [
            0,
            0,
            0,
            0,
            0,
            0
        ],
        "gamma": [
            0,
            0,
            0,
            0,
            0,
            0
        ],
        "available": [
            1,
            1,
            1,
            1,
            1,
            1
        ],
        "oppcprice": [
            2.949508746140255,
            53.082548257837445,
            34.14836320839253,
            31.776681667826516,
            27.84760606230461,
            -16.65407125344635
        ],
        "oppdprice": [
            -3.4365454437400222,
            50.20580205955676,
            30.012921892806546,
            27.81857542797491,
            22.942747271253083,
            -18.304971617913733
        ],
        "beta": [
            0.23200167155112267,
            0.23200167155112267,
            0.23200167155112267,
            0.23200167155112267,
            0.23200167155112267,
            0.23200167155112267
        ]
    },
    "HeatPump0": {
        "type": "ProsumerStorage",
        "s0": 8.621662301855492,
        "sn": 6.1517184663020625,
        "alpha": 0.19645510800892552,
        "eta": 0.6000016722340433,
        "power_limit_up": 11.216010592158732,
        "power_limit_down": 0,
        "su": [
            12.303436932604125,
            12.303436932604125,
            12.303436932604125,
            12.303436932604125,
            12.303436932604125,
            12.303436932604125
        ],
        "sl": [
            0,
            0,
            0,
            0,
            0,
            0
        ],
        "gamma": [
            0.8253229481779827,
            0.8253229481779827,
            0.8253229481779827,
            0.8253229481779827,
            0.8253229481779827,
            0.8253229481779827
        ],
        "available": [
            1,
            1,
            1,
            1,
            1,
            1
        ],
        "oppcprice": [
            -9.815750788367028,
            86.16492442614582,
            79.13808028195768,
            31.048604306030732,
            56.30242078863246,
            41.27921578315169
        ],
        "oppdprice": [
            -13.462085507182211,
            78.82168380434601,
            74.06881949535784,
            29.855408338066745,
            51.55262113301607,
            33.49683471031049
        ],
        "beta": [
            0,
            0,
            0,
            0,
            0,
            0
        ]
    },
    "HeatPump1": {
        "type": "ProsumerStorage",
        "s0": 1.082567061468655,
        "sn": 8.06148787744045,
        "alpha": 0.1993852011421273,
        "eta": 0.6941160626754347,
        "power_limit_up": 13.546631945337511,
        "power_limit_down": 0,
        "su": [
            16.1229757548809,
            16.1229757548809,
            16.1229757548809,
            16.1229757548809,
            16.1229757548809,
            16.1229757548809
        ],
        "sl": [
            0,
            0,
            0,
            0,
            0,
            0
        ],
        "gamma": [
            1.2913029306086734,
            1.2913029306086734,
            1.2913029306086734,
            1.2913029306086734,
            1.2913029306086734,
            1.2913029306086734
        ],
        "available": [
            1,
            1,
            1,
            1,
            1,
            1
        ],
        "oppcprice": [
            23.075218528550337,
            53.557233138224845,
            45.76309350036485,
            -9.562996963293271,
            28.818227142594964,
            36.47122937502018
        ],
        "oppdprice": [
            22.940446091408038,
            49.08807249306362,
            41.79509701539807,
            -14.974666423015682,
            22.89618516457206,
            31.56634845758628
        ],
        "beta": [
            0,
            0,
            0,
            0,
            0,
            0
        ]
    },
    "Wind0": {
        "type": "ProsumerRenewable",
        "generation": [
            31.268105352843758,
            16.0939848444022,
            0.5524656687871827,
            33.84247202588412,
            11.433065435736832,
            24.729589791446266
        ],
        "oppdprice": [
            14.30601655706745,
            -49.112901335822066,
            -31.891184802765082,
            -11.327246196361717,
            27.84811513421624,
            17.277180035293274
        ]
    },
    "Wind1": {
        "type": "ProsumerRenewable",
        "generation": [
            3.1560576473793587,
            0.42110898741309394,
            7.439325648053181,
            6.624391073150277,
            2.1624400530201062,
            4.198761606247109
        ],
        "oppdprice": [
            52.45961130472332,
            48.4769502148344,
            3.6798573825765204,
            25.35702650900657,
            26.183099576711918,
            31.100678438465497
        ]
    },
    "Consumer0": {
        "type": "ProsumerConsumer",
        "consumption": [
            22.2425729394553,
            9.040299163522876,
            37.59834869018508,
            24.237784126527536,
            14.173717780101875,
            10.798131366807116
        ],
        "oppcprice": [
            19.80777961198057,
            45.618823586858944,
            84.50965620108626,
            46.42646996743378,
            35.332746251898854,
            53.922395845266884
        ]
    },
    "Consumer1": {
        "type": "ProsumerConsumer",
        "consumption": [
            7.657993181071931,
            6.3369985231647705,
            7.09652746804315,
            9.060224134775675,
            3.1837578146993697,
            2.417203611743724
        ],