{
    "HomeStorage0": {
        "type": "ProsumerStorage",
        "s0": 21.092824206576736,
        "sn": 14.89295280792795,
        "alpha": 0.12909047389129444,
        "eta": 0.9010827605197662,
        "power_limit_up": 27.234968084903365,
        "power_limit_down": -27.234968084903365,
        "su": [
            29.7859056158559,
            29.7859056158559,
            29.7859056158559,
            29.7859056158559,
            29.7859056158559,
            29.7859056158559
        ],
        "sl": [
            0,
            0,
            0,
            0,
            0,
            0
        ],
        "gamma": [
            0,
            0,
            0,
            0,
            0,
            0
        ],
        "available": [
            1,
            1,
            1,
            1,
            1,
            1
        ],
        "oppcprice": [
            27.73221011566177,
            38.45544425081718,
            95.40197698967545,
            23.965000634956542,
            65.04630371531495,
            8.52243691793068
        ],
        "oppdprice": [
            24.459112654992573,
            30.6472993098345,
            91.8728096936025,
            18.039020210216265,
            60.367113291395505,
            2.7906375721012298
        ],
        "beta": [
            0.27725516732519856,
            0.27725516732519856,
            0.27725516732519856,
            0.27725516732519856,
            0.27725516732519856,
            0.27725516732519856
        ]
    },
    "HomeStorage1": {
        "type": "ProsumerStorage",
        "s0": 3.8935227291002654,
        "sn": 12.410208647591638,
        "alpha": 0.15446490180318448,
        "eta": 0.9280314764511367,
        "power_limit_up": 11.047340033119195,
        "power_limit_down": -11.047340033119195,
        "su": [
            24.820417295183276,
            24.820417295183276,
            24.820417295183276,
            24.820417295183276,
            24.820417295183276,
            24.820417295183276
        ],
        "sl": [
            0,
            0,
            0,
            0,
            0,
            0
        ],
        "gamma": [
            0,
            0,
            0,
            0,
            0,
            0
        ],
        "available": [
            1,
            1,
            1,
            1,
            1,
            1
        ],
        "oppcprice": [
            25.743195703613097,
            4.616294457636696,
            57.814731060828315,
            47.62340814884358,
            30.115326255718596,
            68.01202987754853
        ],
        "oppdprice": [
            18.480931774586892,
            1.8435816778249858,
            54.27745715993592,
            42.515926253344205,
            23.91576229443725,
            63.26418920855852
        ],
        "beta": [
            0.18757609947966764,
            0.18757609947966764,
            0.18757609947966764,
            0.18757609947966764,
            0.18757609947966764,
            0.18757609947966764
        ]
    },
    "HeatPump0": {
        "type": "ProsumerStorage",
        "s0": 4.99420870454012,
        "sn": 8.557800510648878,
        "alpha": 0.1457686399322978,
        "eta": 0.6721067825893853,
        "power_limit_up": 11.450376852618128,
        "power_limit_down": 0,
        "su": [
            17.115601021297756,
            17.115601021297756,
            17.115601021297756,
            17.115601021297756,
            17.115601021297756,
            17.115601021297756
        ],
        "sl": [
            0,
            0,
            0,
            0,
            0,
            0
        ],
        "gamma": [
            1.0983833084534003,
            1.0983833084534003,
            1.0983833084534003,
            1.0983833084534003,
            1.0983833084534003,
            1.0983833084534003
        ],
        "available": [
            1,
            1,
            1,
            1,
            1,
            1
        ],
        "oppcprice": [
            30.49944641475347,
            -6.48376098542557,
            24.08934288842135,
            24.304149874980183,
            16.696472059672015,
            40.79236840962711
        ],
        "oppdprice": [
            26.368130673566164,
            -11.586351286322902,
            21.75083586294672,
            22.278119659796218,
            14.22521543451813,
            38.30581171966642
        ],
        "beta": [
            0,
            0,
            0,
            0,
            0,
            0
        ]
    },
    "HeatPump1": {
        "type": "ProsumerStorage",
        "s0": 14.573360093555554,
        "sn": 10.906002793350886,
        "alpha": 0.1339848663956818,
        "eta": 0.614558773973775,
        "power_limit_up": 10.04760715885913,
        "power_limit_down": 0,
        "su": [
            21.812005586701773,
            21.812005586701773,
            21.812005586701773,
            21.812005586701773,
            21.812005586701773,
            21.812005586701773
        ],
        "sl": [
            0,
            0,
            0,
            0,
            0,
            0
        ],
        "gamma": [
            1.5760755944065286,
            1.5760755944065286,
            1.5760755944065286,
            1.5760755944065286,
            1.5760755944065286,
            1.5760755944065286
        ],
        "available": [
            1,
            1,
            1,
            1,
            1,
            1
        ],
        "oppcprice": [
            67.9506003265668,
            75.56634185179963,
            34.735608555780004,
            87.32386750415826,
            22.00726639168764,
            44.01644974306726
        ],
        "oppdprice": [
            60.531097429144666,
            69.15815006217626,
            27.950496531848334,
            80.12470226080981,
            15.041617308558473,
            40.44267159752849
        ],
        "beta": [
            0,
            0,
            0,
            0,
            0,
            0
        ]
    },
    "Wind0": {
        "type": "ProsumerRenewable",
        "generation": [
            12.807348987293137,
            9.168814754661787,
            7.277616552258621,
            9.512758036902914,
            3.549715655473679,
            12.466005417594522
        ],
        "oppdprice": [
            29.367089828030796,
            36.03373153505964,
            48.72833277116835,
            14.109595819307021,
            37.3925616479428,
            48.65772378845876
        ]
    },
    "Wind1": {
        "type": "ProsumerRenewable",
        "generation": [
            29.23028719742263,
            16.88043189296682,
            25.502104851860526,
            9.058817434593628,
            8.860081259103433,
            33.47433209280854
        ],
        "oppdprice": [
            19.868352376094077,
            47.14352763471045,
            15.357214131433865,
            -7.697531142745321,
            -61.75300671447233,
            -9.915746735269584
        ]
    },
    "Consumer0": {
        "type": "ProsumerConsumer",
        "consumption": [
            2.6244166784018383,
            1.090319390952186,
            13.215771600310477,
            9.480605713355171,
            2.1226598286411797,
            6.132954465181162
        ],
        "oppcprice": [
            46.54109280854624,
            58.41184424082493,
            -23.293909369869734,
            19.585646345395208,
            33.91456220363575,
            27.30644595925772
        ]
    },
    "Consumer1": {
        "type": "ProsumerConsumer",
        "consumption": [
            1.7251491684167262,
            1.4201036749614466,
            2.038496542876055,
            23.60728529436948,
            13.301864886949154,
            20.600256863695247
        ],