{
    "HomeStorage0": {
        "type": "ProsumerStorage",
        "s0": 27.97178178730617,
        "sn": 22.69219384457397,
        "alpha": 1.0072794090190067,
        "eta": 0.855442892930329,
        "power_limit_up": 23.467871799629087,
        "power_limit_down": -23.467871799629087,
        "su": [
            45.38438768914794,
            45.38438768914794,
            45.38438768914794,
            45.38438768914794,
            45.38438768914794,
            45.38438768914794
        ],
        "sl": [
            0,
            0,
            0,
            0,
            0,
            0
        ],
        "gamma": [
            0,
            0,
            0,
            0,
            0,
            0
        ],
        "available": [
            1,
            1,
            1,
            1,
            1,
            1
        ],
        "oppcprice": [
            61.306386442924044,
            20.623609529310766,
            4.168465161912842,
            54.01026775121781,
            36.78195504281943,
            103.94590927889237
        ],
        "oppdprice": [
            54.8889122885703,
            13.237832954811584,
            -2.5276369231920333,
            49.22219054371182,
            29.623055891813888,
            101.35401937720525
        ],
        "beta": [
            0.007674583146045322,
            0.007674583146045322,
            0.007674583146045322,
            0.007674583146045322,
            0.007674583146045322,
            0.007674583146045322
        ]
    },
    "HeatPump0": {
        "type": "ProsumerStorage",
        "s0": 9.99672067589456,
        "sn": 5.15105770011025,
        "alpha": 1.4395346369416906,
        "eta": 0.5304618994563463,
        "power_limit_up": 6.06425075006724,
        "power_limit_down": 0,
        "su": [
            10.3021154002205,
            10.3021154002205,
            10.3021154002205,
            10.3021154002205,
            10.3021154002205,
            10.3021154002205
        ],
        "sl": [
            0,
            0,
            0,
            0,
            0,
            0
        ],
        "gamma": [
            0.7977414368905982,
            0.7977414368905982,
            0.7977414368905982,
            0.7977414368905982,
            0.7977414368905982,
            0.7977414368905982
        ],
        "available": [
            1,
            1,
            1,
            1,
            1,
            1
        ],
        "oppcprice": [
            21.722925060290283,
            51.440124273414746,
            45.17716979122788,
            29.53458921747402,
            32.57808838611021,
            -10.770220660462764
        ],
        "oppdprice": [
            20.462199222283548,
            50.9462548623093,
            41.85186435835715,
            28.07119702241719,
            27.402604788108462,
            -15.520044386417181
        ],
        "beta": [
            0,
            0,
            0,
            0,
            0,
            0
        ]
    },
    "Wind0": {
        "type": "ProsumerRenewable",
        "generation": [
            14.94853611317662,
            29.855717583899338,
            9.512846866503033,
            32.305949295540664,
            32.9769995752403,
            31.82568267507644
        ],
        "oppdprice": [
            17.14530553934181,
            -8.618495295896226,
            34.49828530673552,
            22.918047197832575,
            18.547809599198413,
            -0.2579788268525334
        ]
    },
    "Consumer0": {
        "type": "ProsumerConsumer",
        "consumption": [
            11.875597952114704,
            23.249352860051772,
            14.52311726171868,
            24.30198506344897,
            28.28669752633783,
            14.294565191989498
        ],
        "oppcprice": [
            6.418261142695531,
            85.68895961866376,
            21.770373681556375,
            -34.98414821413645,
            24.442951472437343,
            29.310510260002186
        ]
    },
    "Switch0": {
        "type": "ProsumerSwitch",
        "capacity": 10.830941774280166,
        "oppcprice": [
            31.233436958699404,
            51.86738525595558,
            3.779370339497974,
            65.72093618268862,
            26.50245686939274,
            40.610511195107804
        ],
        "tr": 2,
        "tl": 5,
        "tu": 6
    }
}