{
    "HomeStorage0": {
        "type": "ProsumerStorage",
        "s0": 21.23869802773058,
        "sn": 14.848303838364806,
        "alpha": 1.602763376071644,
        "eta": 0.9044883182996897,
        "power_limit_up": 16.004209828410772,
        "power_limit_down": -16.004209828410772,
        "su": [
            29.696607676729613,
            29.696607676729613
        ],
        "sl": [
            0,
            0
        ],
        "gamma": [
            0,
            0
        ],
        "available": [
            1,
            1
        ],
        "oppcprice": [
            17.527358564552337,
            92.53131860986386
        ],
        "oppdprice": [
            16.661542570808976,
            92.24062069387209
        ],
        "beta": [
            0.1533766075303111,
            0.1533766075303111
        ]
    },
    "HeatPump0": {
        "type": "ProsumerStorage",
        "s0": 21.48774537050385,
        "sn": 20.313813356859953,
        "alpha": 1.5680445610939322,
        "eta": 0.6851193276585321,
        "power_limit_up": 10.434346507286246,
        "power_limit_down": 0,
        "su": [
            40.627626713719906,
            40.627626713719906
        ],
        "sl": [
            0,
            0
        ],
        "gamma": [
            2.2083741688910963,
            2.2083741688910963
        ],
        "available": [
            1,
            1
        ],
        "oppcprice": [
            51.836352873211354,
            48.89798206331378
        ],
        "oppdprice": [
            51.665299611073465,
            47.29125057704757
        ],
        "beta": [
            0,
            0
        ]
    },
    "Wind0": {
        "type": "ProsumerRenewable",
        "generation": [
            20.111560673593864,
            3.0475264272818796
        ],
        "oppdprice": [
            -9.620122979567682,
            26.051385999874213
        ]
    },
    "Consumer0": {
        "type": "ProsumerConsumer",
        "consumption": [
            24.793066612480597,
            19.700630760616356
        ],
        "oppcprice": [
            47.051631969586815,
            4.208932789161553
        ]
    },
    "Switch0": {
        "type": "ProsumerSwitch",
        "capacity": 9.561503322165485,
        "oppcprice": [
            15.11846929489801,
            25.263061794407985
        ],
        "tr": 1,
        "tl": 2,
        "tu": 2
    }
}