{
    "StorageFlex0": {
        "type": "ProsumerStorageFlex",
        "oppeprice": [
            57.05620938387066,
            51.600628833468896
        ],
        "oppfprice": [
            28.914951936422955,
            33.963572796805835
        ],
        "alphae": [
            -0.21526904013221906,
            -0.17082117738666877
        ],
        "alphaf": [
            -0.2124825577474615,
            -0.12164539984358405
        ],
        "su": 48.36482422254632,
        "s0": 18.545081657634924,
        "fixflex": false,
        "fixener": false
    },
    "StorageFlex1": {
        "type": "ProsumerStorageFlex",
        "oppeprice": [
            50.576174284643514,
            55.8170940278519
        ],
        "oppfprice": [
            28.044150900587972,
            25.486700065971313
        ],
        "alphae": [
            -0.2857927883604226,
            -0.28257414005969184
        ],
        "alphaf": [
            -0.2959563205119348,
            -0.1334760308904124
        ],
        "su": 40.01705379274327,
        "s0": 34.8153229367331,
        "fixflex": false,
        "fixener": false
    },
    "DSO0": {
        "type": "ProsumerDSO",
        "oppfprice": [
            45.97631629263042,
            39.179366944936795
        ],
        "alphaf": [
            -0.5591372129344666,
            -0.819960510663762
        ],
        "flexlimit": [
            7.150299311135696,
            19.17003375574376
        ],
        "fixflex": false,
        "fixener": false
    },
    "DSO1": {
        "type": "ProsumerDSO",
        "oppfprice": [
            29.788040736663685,
            42.61447438176144
        ],
        "alphaf": [
            -0.6322778060523135,
            -0.8871168447171083
        ],
        "flexlimit": [
            11.842254983248228,
            13.526509233029728
        ],
        "fixflex": false,
        "fixener": false
    },
    "ConsumerFlex0": {
        "type": "ProsumerConsumerFlex",
        "oppcprice": [
            50.18303406920578,
            49.251264599896665
        ],
        "alphae": [
            -0.17758085545551572,
            -0.17661320062504862
        ],
        "consumption": [
            47.468663533158086,
            35.681913459656755
        ],
        "fixener": false
    },
    "RenewableFlex0": {
        "type": "ProsumerRenewableFlex",
        "oppdprice": [
            36.448857009479546,
            32.07681412710429
        ],
        "alphae": [
            -0.16047376081454703,
            -0.287954905674146
        ],
        "generation": [
            35.004502195055046,
            35.178704132817174
        ],
        "fixener": false
    }
}