{
    "StorageFlex0": {
        "type": "ProsumerStorageFlex",
        "oppeprice": [
            56.49738145465297,
            47.5529743453997
        ],
        "oppfprice": [
            22.887312990946178,
            20.708125511375318
        ],
        "alphae": [
            -0.220646505153866,
            -0.19223665319932862
        ],
        "alphaf": [
            -0.21616109711934103,
            -0.1629560999206481
        ],
        "su": 14.200351237918284,
        "s0": 12.469576024891792,
        "fixflex": false,
        "fixener": false
    },
    "StorageFlex1": {
        "type": "ProsumerStorageFlex",
        "oppeprice": [
            55.8484317481799,
            41.759437162009384
        ],
        "oppfprice": [
            23.71033118394597,
            23.46378258132634
        ],
        "alphae": [
            -0.13985108626489268,
            -0.1063476848561205
        ],
        "alphaf": [
            -0.23731516436815142,
            -0.16153547686613717
        ],
        "su": 44.43751185332172,
        "s0": 39.754094213512815,
        "fixflex": false,
        "fixener": false
    },
    "DSO0": {
        "type": "ProsumerDSO",
        "oppfprice": [
            39.31028716979826,
            36.48856632831451
        ],
        "alphaf": [
            -0.978944765075251,
            -0.7665826424865085
        ],
        "flexlimit": [
            15.3781567092571,
            9.732734465090944
        ],
        "fixflex": false,
        "fixener": false
    },
    "DSO1": {
        "type": "ProsumerDSO",
        "oppfprice": [
            43.60636288237118,
            42.009977355607475
        ],
        "alphaf": [
            -0.5091441386720958,
            -0.8750721574724838
        ],
        "flexlimit": [
            19.83291633359742,
            16.22248481569759
        ],
        "fixflex": false,
        "fixener": false
    },
    "ConsumerFlex0": {
        "type": "ProsumerConsumerFlex",
        "oppcprice": [
            53.603423797057644,
            47.26508856330267
        ],
        "alphae": [
            -0.2793547986844716,
            -0.21042129476481897
        ],
        "consumption": [
            45.8867976391893,
            18.212636676815578
        ],
        "fixener": false
    },
    "RenewableFlex0": {
        "type": "ProsumerRenewableFlex",
        "oppdprice": [
            37.23335699309877,
            38.41298589257609
        ],
        "alphae": [
            -0.2961266084259406,
            -0.1642328934120218
        ],
        "generation": [
            14.523265220002656,
            16.94959967175018
        ],
        "fixener": false
    }
}