{
    "StorageFlex0": {
        "type": "ProsumerStorageFlex",
        "oppeprice": [
            48.33296861037812,
            49.77493269109468
        ],
        "oppfprice": [
            16.455215617326182,
            31.561083233619954
        ],
        "alphae": [
            -0.21592643958250218,
            -0.23393303579922517
        ],
        "alphaf": [
            -0.2590702731924315,
            -0.17614580672986727
        ],
        "su": 18.48446031535354,
        "s0": 4.93215817769286,
        "fixflex": false,
        "fixener": false
    },
    "StorageFlex1": {
        "type": "ProsumerStorageFlex",
        "oppeprice": [
            52.2058161781857,
            59.16883205125983
        ],
        "oppfprice": [
            25.166157571993615,
            20.52829821954593
        ],
        "alphae": [
            -0.2631120268706169,
            -0.1429329704366653
        ],
        "alphaf": [
            -0.12920494147210224,
            -0.20115263252361443
        ],
        "su": 43.09526684108606,
        "s0": 3.4323430843910683,
        "fixflex": false,
        "fixener": false
    },
    "DSO0": {
        "type": "ProsumerDSO",
        "oppfprice": [
            37.00851620282455,
            40.0361010038933
        ],
        "alphaf": [
            -0.7140611637986947,
            -0.5482654578303063
        ],
        "flexlimit": [
            6.907399575519162,
            13.951179634678937
        ],
        "fixflex": false,
        "fixener": false
    },
    "DSO1": {
        "type": "ProsumerDSO",
        "oppfprice": [
            38.64471213588322,
            39.05526387658959
        ],
        "alphaf": [
            -0.6101531035352799,
            -0.6749131425016497
        ],
        "flexlimit": [
            12.016812268734503,
            8.02614839397448
        ],
        "fixflex": false,
        "fixener": false
    },
    "ConsumerFlex0": {
        "type": "ProsumerConsumerFlex",
        "oppcprice": [
            48.92377215913594,
            58.925467155546414
        ],
        "alphae": [
            -0.19895265599629017,
            -0.22262146977628813
        ],
        "consumption": [
            40.713685449870965,
            31.1001880495013
        ],
        "fixener": false
    },
    "RenewableFlex0": {
        "type": "ProsumerRenewableFlex",
        "oppdprice": [
            42.00742882712525,
            36.62314518468055
        ],
        "alphae": [
            -0.10708978398214897,
            -0.19999832776595666
        ],
        "generation": [
            45.02840287757652,
            20.372614370199933
        ],
        "fixener": false
    }
}