{
    "StorageFlex0": {
        "type": "ProsumerStorageFlex",
        "oppeprice": [
            57.15451389372127,
            51.746039402047955
        ],
        "oppfprice": [
            25.385989872288036,
            17.546029186542036
        ],
        "alphae": [
            -0.12141060913046907,
            -0.12074138221331239
        ],
        "alphaf": [
            -0.2748829379072327,
            -0.2585514243723626
        ],
        "su": 7.316024148537345,
        "s0": 3.2249754610610277,
        "fixflex": false,
        "fixener": false
    },
    "StorageFlex1": {
        "type": "ProsumerStorageFlex",
        "oppeprice": [
            49.82472732409629,
            48.09112787856199
        ],
        "oppfprice": [
            19.74454098654927,
            28.53848952199834
        ],
        "alphae": [
            -0.16474901960397376,
            -0.18182743651672983
        ],
        "alphaf": [
            -0.2952036235245669,
            -0.1882291824018236
        ],
        "su": 16.666360110835942,
        "s0": 6.918226031808876,
        "fixflex": false,
        "fixener": false
    },
    "DSO0": {
        "type": "ProsumerDSO",
        "oppfprice": [
            43.92946973703264,
            35.595729479554095
        ],
        "alphaf": [
            -0.7202268588353697,
            -0.5784338692374816
        ],
        "flexlimit": [
            13.169735270477672,
            16.704721467670506
        ],
        "fixflex": false,
        "fixener": false
    },
    "DSO1": {
        "type": "ProsumerDSO",
        "oppfprice": [
            35.904859440294125,
            37.148027199551805
        ],
        "alphaf": [
            -0.6939856287778243,
            -0.9681918249302153
        ],
        "flexlimit": [
            19.63993133709401,
            15.085755138692205
        ],
        "fixflex": false,
        "fixener": false
    },
    "ConsumerFlex0": {
        "type": "ProsumerConsumerFlex",
        "oppcprice": [
            46.92465459872308,
            49.07987711088824
        ],
        "alphae": [
            -0.16931781949529276,
            -0.18843184752230982
        ],
        "consumption": [
            21.270414337816014,
            15.127452717792437
        ],
        "fixener": false
    },
    "RenewableFlex0": {
        "type": "ProsumerRenewableFlex",
        "oppdprice": [
            36.78493562169369,
            30.32366730728532
        ],
        "alphae": [
            -0.24615288434978774,
            -0.24164144515491348
        ],
        "generation": [
            25.595887969534008,
            43.724026082611694
        ],
        "fixener": false
    }
}