{
    "StorageFlex0": {
        "type": "ProsumerStorageFlex",
        "oppeprice": [
            50.20224682857176,
            51.99980533295132
        ],
        "oppfprice": [
            21.01636427557254,
            27.774394033165247
        ],
        "alphae": [
            -0.10474510904475165,
            -0.298753948959082
        ],
        "alphaf": [
            -0.2494035275233112,
            -0.21304169351911084
        ],
        "su": 40.07223148071886,
        "s0": 7.921682069664518,
        "fixflex": false,
        "fixener": false
    },
    "StorageFlex1": {
        "type": "ProsumerStorageFlex",
        "oppeprice": [
            51.32900013043986,
            45.41009346821808
        ],
        "oppfprice": [
            27.474678756107526,
            24.648052286638897
        ],
        "alphae": [
            -0.14273880281298781,
            -0.12674214028366032
        ],
        "alphaf": [
            -0.26536691570081034,
            -0.2850102825973786
        ],
        "su": 32.03342246199962,
        "s0": 5.3807239229162445,
        "fixflex": false,
        "fixener": false
    },
    "DSO0": {
        "type": "ProsumerDSO",
        "oppfprice": [
            37.57245086761039,
            46.18791731606291
        ],
        "alphaf": [
            -0.7639544117089602,
            -0.968785791975471
        ],
        "flexlimit": [
            12.82544183667437,
            6.622900743308461
        ],
        "fixflex": false,
        "fixener": false
    },
    "DSO1": {
        "type": "ProsumerDSO",
        "oppfprice": [
            40.63957174029051,
            35.164207363484316
        ],
        "alphaf": [
            -0.7622020400342366,
            -0.8188051220629968
        ],
        "flexlimit": [
            11.022431653854094,
            14.747076635290135
        ],
        "fixflex": false,
        "fixener": false
    },
    "ConsumerFlex0": {
        "type": "ProsumerConsumerFlex",
        "oppcprice": [
            56.54299016720611,
            44.55613763265403
        ],
        "alphae": [
            -0.14651900658197523,
            -0.2642052179917738
        ],
        "consumption": [
            21.900909586439408,
            27.613987669712046
        ],
        "fixener": false
    },
    "RenewableFlex0": {
        "type": "ProsumerRenewableFlex",
        "oppdprice": [
            35.57766382472239,
            43.351345415680534
        ],
        "alphae": [
            -0.1890518274114883,
            -0.17501383118718045
        ],
        "generation": [
            45.297552472526576,
            21.32841147949069
        ],
        "fixener": false
    }
}