{
    "StorageFlex0": {
        "type": "ProsumerStorageFlex",
        "oppeprice": [
            51.76490994754017,
            48.67651939242365
        ],
        "oppfprice": [
            34.72308474803112,
            23.991631481587692
        ],
        "alphae": [
            -0.14681842870393688,
            -0.19631640242541135
        ],
        "alphaf": [
            -0.2406398996847556,
            -0.26245575426774964
        ],
        "su": 8.633357094419368,
        "s0": 6.375218769994517,
        "fixflex": false,
        "fixener": false
    },
    "StorageFlex1": {
        "type": "ProsumerStorageFlex",
        "oppeprice": [
            45.228941550312776,
            49.18049395764965
        ],
        "oppfprice": [
            23.56468421199503,
            27.413886410437982
        ],
        "alphae": [
            -0.21715299618378972,
            -0.2407840134532704
        ],
        "alphaf": [
            -0.17424241822410333,
            -0.18403243796209098
        ],
        "su": 31.99681384812444,
        "s0": 8.505364821056336,
        "fixflex": false,
        "fixener": false
    },
    "DSO0": {
        "type": "ProsumerDSO",
        "oppfprice": [
            36.077568459125516,
            36.57258738113564
        ],
        "alphaf": [
            -0.6637819738443671,
            -0.5720821503267102
        ],
        "flexlimit": [
            7.484192918019014,
            19.45895793601913
        ],
        "fixflex": false,
        "fixener": false
    },
    "DSO1": {
        "type": "ProsumerDSO",
        "oppfprice": [
            43.985759307653446,
            42.84968508350627
        ],
        "alphaf": [
            -0.5114665462195407,
            -0.788831429064878
        ],
        "flexlimit": [
            5.024632590740679,
            12.732089178580903
        ],
        "fixflex": false,
        "fixener": false
    },
    "ConsumerFlex0": {
        "type": "ProsumerConsumerFlex",
        "oppcprice": [
            53.17221327784788,
            47.47371348083114
        ],
        "alphae": [
            -0.12590338259970338,
            -0.11545007721086603
        ],
        "consumption": [
            5.099639563959961,
            26.126976729090977
        ],
        "fixener": false
    },
    "RenewableFlex0": {
        "type": "ProsumerRenewableFlex",
        "oppdprice": [
            39.790767396592564,
            40.99687063425963
        ],
        "alphae": [
            -0.13725350448261636,
            -0.19070870040550444
        ],
        "generation": [
            39.6884339213101,
            26.82189837448061
        ],
        "fixener": false
    }
}