{
    "StorageFlex0": {
        "type": "ProsumerStorageFlex",
        "oppeprice": [
            48.752865306049934,
            52.91601569445002
        ],
        "oppfprice": [
            25.87128315230401,
            21.40363281381144
        ],
        "alphae": [
            -0.1940365275614357,
            -0.21623851428866914
        ],
        "alphaf": [
            -0.23291843014533414,
            -0.17549611356078196
        ],
        "su": 24.716364174899333,
        "s0": 18.188330130306227,
        "fixflex": false,
        "fixener": false
    },
    "StorageFlex1": {
        "type": "ProsumerStorageFlex",
        "oppeprice": [
            60.52512222905528,
            52.40728899982345
        ],
        "oppfprice": [
            23.65647354023102,
            29.950951372902587
        ],
        "alphae": [
            -0.12474646895867451,
            -0.13524811348589574
        ],
        "alphaf": [
            -0.28910509843552906,
            -0.15627255268716114
        ],
        "su": 41.09767530910139,
        "s0": 30.264601142827598,
        "fixflex": false,
        "fixener": false
    },
    "DSO0": {
        "type": "ProsumerDSO",
        "oppfprice": [
            41.41923443588934,
            47.2503612552401
        ],
        "alphaf": [
            -0.5624120871903049,
            -0.9788236477348342
        ],
        "flexlimit": [
            11.048844481023798,
            8.254267404853401
        ],
        "fixflex": false,
        "fixener": false
    },
    "DSO1": {
        "type": "ProsumerDSO",
        "oppfprice": [
            43.29861537857625,
            35.29427407833156
        ],
        "alphaf": [
            -0.7995029565695583,
            -0.8586660727777565
        ],
        "flexlimit": [
            19.060243019673567,
            10.27714652809553
        ],
        "fixflex": false,
        "fixener": false
    },
    "ConsumerFlex0": {
        "type": "ProsumerConsumerFlex",
        "oppcprice": [
            47.65354816072695,
            44.07258692484587
        ],
        "alphae": [
            -0.150697856563003,
            -0.15518588651766235
        ],
        "consumption": [
            23.27485082262752,
            49.52209317260011
        ],
        "fixener": false
    },
    "RenewableFlex0": {
        "type": "ProsumerRenewableFlex",
        "oppdprice": [
            31.49142181396816,
            36.662370127180225
        ],
        "alphae": [
            -0.1580742787661596,
            -0.2835082893376583
        ],
        "generation": [
            22.926781346507745,
            39.68964348385459
        ],
        "fixener": false
    }
}