{
    "StorageFlex0": {
        "type": "ProsumerStorageFlex",
        "oppeprice": [
            56.76210281520142,
            48.13625051783667
        ],
        "oppfprice": [
            25.131280654714338,
            26.630065131986033
        ],
        "alphae": [
            -0.19977590726801242,
            -0.2855897733280477
        ],
        "alphaf": [
            -0.24631220397962575,
            -0.200023499834888
        ],
        "su": 35.56534982544232,
        "s0": 28.585259987415927,
        "fixflex": false,
        "fixener": false
    },
    "StorageFlex1": {
        "type": "ProsumerStorageFlex",
        "oppeprice": [
            47.49828410413296,
            49.31380695521712
        ],
        "oppfprice": [
            27.021197496787007,
            23.95457433923341
        ],
        "alphae": [
            -0.2573229292840169,
            -0.20957520763646337
        ],
        "alphaf": [
            -0.11375879606219566,
            -0.2950201544899304
        ],
        "su": 32.02470128588551,
        "s0": 30.42761343365464,
        "fixflex": false,
        "fixener": false
    },
    "DSO0": {
        "type": "ProsumerDSO",
        "oppfprice": [
            41.09783969503985,
            33.89390187252064
        ],
        "alphaf": [
            -0.9545641874433657,
            -0.566584722879625
        ],
        "flexlimit": [
            12.851188710106488,
            16.256147886530524
        ],
        "fixflex": false,
        "fixener": false
    },
    "DSO1": {
        "type": "ProsumerDSO",
        "oppfprice": [
            38.451440226854444,
            48.11628888304445
        ],
        "alphaf": [
            -0.6024245451488975,
            -0.7453829445455352
        ],
        "flexlimit": [
            10.585770340775884,
            12.161017322773827
        ],
        "fixflex": false,
        "fixener": false
    },
    "ConsumerFlex0": {
        "type": "ProsumerConsumerFlex",
        "oppcprice": [
            54.19758619737302,
            48.33410272591993
        ],
        "alphae": [
            -0.14627049869609815,
            -0.23720106455746756
        ],
        "consumption": [
            30.76813996897793,
            17.42220717488128
        ],
        "fixener": false
    },
    "RenewableFlex0": {
        "type": "ProsumerRenewableFlex",
        "oppdprice": [
            31.742340787515296,
            37.35136264133276
        ],
        "alphae": [
            -0.16852010744404836,
            -0.22592978340239295
        ],
        "generation": [
            25.659184005114415,
            37.369585512906866
        ],
        "fixener": false
    }
}