{
    "StorageFlex0": {
        "type": "ProsumerStorageFlex",
        "oppeprice": [
            50.36481886647928,
            54.365130933088444
        ],
        "oppfprice": [
            17.212118763909814,
            19.454601871052244
        ],
        "alphae": [
            -0.19546506572948608,
            -0.2043216408395195
        ],
        "alphaf": [
            -0.1889287052355339,
            -0.19132279649149192
        ],
        "su": 39.24030090213181,
        "s0": 27.953792642009248,
        "fixflex": false,
        "fixener": false
    },
    "StorageFlex1": {
        "type": "ProsumerStorageFlex",
        "oppeprice": [
            45.26629141066794,
            57.665454442141915
        ],
        "oppfprice": [
            20.506692797795445,
            22.34385812166358
        ],
        "alphae": [
            -0.2868383224425577,
            -0.10342589068931325
        ],
        "alphaf": [
            -0.2744288574149936,
            -0.23557384135916412
        ],
        "su": 8.192428013758944,
        "s0": 1.8414115446527033,
        "fixflex": false,
        "fixener": false
    },
    "DSO0": {
        "type": "ProsumerDSO",
        "oppfprice": [
            43.43819243672149,
            39.07684401805766
        ],
        "alphaf": [
            -0.6727308059989335,
            -0.9923747186426357
        ],
        "flexlimit": [
            5.430980734449431,
            10.275271044051802
        ],
        "fixflex": false,
        "fixener": false
    },
    "DSO1": {
        "type": "ProsumerDSO",
        "oppfprice": [
            45.387474280456196,
            37.572188810571504
        ],
        "alphaf": [
            -0.9694019566553859,
            -0.6598448982335139
        ],
        "flexlimit": [
            11.487138991856238,
            9.05218612387198
        ],
        "fixflex": false,
        "fixener": false
    },
    "ConsumerFlex0": {
        "type": "ProsumerConsumerFlex",
        "oppcprice": [
            52.14187300006305,
            54.66456194549487
        ],
        "alphae": [
            -0.28626197330836856,
            -0.17927110472617774
        ],
        "consumption": [
            40.80085512930395,
            6.440367039160856
        ],
        "fixener": false
    },
    "RenewableFlex0": {
        "type": "ProsumerRenewableFlex",
        "oppdprice": [
            45.77009652673362,
            39.114077556272704
        ],
        "alphae": [
            -0.10228069637725415,
            -0.18320709129980667
        ],
        "generation": [
            6.751053393904483,
            25.089030838305618
        ],
        "fixener": false
    }
}