{
    "StorageFlex0": {
        "type": "ProsumerStorageFlex",
        "oppeprice": [
            50.00443421884884,
            48.8418237229992
        ],
        "oppfprice": [
            20.535734787742342,
            24.948468973016823
        ],
        "alphae": [
            -0.2715777829090923,
            -0.25628826487478434
        ],
        "alphaf": [
            -0.2162983638979095,
            -0.25037976631728814
        ],
        "su": 8.782684302440753,
        "s0": 3.034405482485277,
        "fixflex": false,
        "fixener": false
    },
    "StorageFlex1": {
        "type": "ProsumerStorageFlex",
        "oppeprice": [
            52.54356432098733,
            56.960469221140706
        ],
        "oppfprice": [
            26.186728870845613,
            27.830014647407552
        ],
        "alphae": [
            -0.1904324433907037,
            -0.15951451518638896
        ],
        "alphaf": [
            -0.22270456607706693,
            -0.16111226444710836
        ],
        "su": 42.119170902524665,
        "s0": 19.613570097911968,
        "fixflex": false,
        "fixener": false
    },
    "DSO0": {
        "type": "ProsumerDSO",
        "oppfprice": [
            42.70108466972874,
            40.127832467866796
        ],
        "alphaf": [
            -0.8247702315802381,
            -0.9304159616128483
        ],
        "flexlimit": [
            19.56269018135338,
            7.78312530401691
        ],
        "fixflex": false,
        "fixener": false
    },
    "DSO1": {
        "type": "ProsumerDSO",
        "oppfprice": [
            42.06546994895163,
            38.57904216661559
        ],
        "alphaf": [
            -0.9531386384617538,
            -0.8791389933983245
        ],
        "flexlimit": [
            10.203529306632795,
            11.953020709760864
        ],
        "fixflex": false,
        "fixener": false
    },
    "ConsumerFlex0": {
        "type": "ProsumerConsumerFlex",
        "oppcprice": [
            49.66964903751388,
            59.820730609200034
        ],
        "alphae": [
            -0.20440519729233061,
            -0.21288890704673083
        ],
        "consumption": [
            44.1683733391939,
            13.431139117763971
        ],
        "fixener": false
    },
    "RenewableFlex0": {
        "type": "ProsumerRenewableFlex",
        "oppdprice": [
            44.521845027106735,
            44.16958978985585
        ],
        "alphae": [
            -0.11495998454577852,
            -0.2921090364651466
        ],
        "generation": [
            34.120252109530014,
            33.712429312282325
        ],
        "fixener": false
    }
}