{
    "HomeStorage0": {
        "type": "ProsumerStorage",
        "s0": 21.23869802773058,
        "sn": 14.848303838364806,
        "alpha": 0.1602763376071644,
        "eta": 0.9044883182996897,
        "power_limit_up": 16.004209828410772,
        "power_limit_down": -16.004209828410772,
        "su": [
            29.696607676729613,
            29.696607676729613,
            29.696607676729613,
            29.696607676729613,
            29.696607676729613,
            29.696607676729613,
            29.696607676729613,
            29.696607676729613,
            29.696607676729613,
            29.696607676729613,
            29.696607676729613,
            29.696607676729613
        ],
        "sl": [
            0,
            0,
            0,
            0,
            0,
            0,
            0,
            0,
            0,
            0,
            0,
            0
        ],
        "gamma": [
            0,
            0,
            0,
            0,
            0,
            0,
            0,
            0,
            0,
            0,
            0,
            0
        ],
        "available": [
            1,
            1,
            1,
            1,
            1,
            1,
            1,
            1,
            1,
            1,
            1,
            1
        ],
        "oppcprice": [
            17.527358564552337,
            92.53131860986386,
            73.76316079620743,
            26.509958939719688,
            107.8720207592281,
            68.82165101481188,
            52.91499077655106,
            55.44374609884609,
            35.15779806050144,
            77.60545683016572,
            30.014088240527833,
            47.338621748701875
        ],
        "oppdprice": [
            14.646726735172528,
            85.67814490913624,
            73.32051213260411,
            22.684745513720262,
            103.1893162791523,
            62.938095911648894,
            51.108860292024794,
            51.09294875657848,
            31.705269651450628,
            69.75577523365656,
            26.95517221713485,
            44.23538753048125
        ],
        "beta": [
            0.2467735987499028,
            0.2467735987499028,
            0.2467735987499028,
            0.2467735987499028,
            0.2467735987499028,
            0.2467735987499028,
            0.2467735987499028,
            0.2467735987499028,
            0.2467735987499028,
            0.2467735987499028,
            0.2467735987499028,
            0.2467735987499028
        ]
    },
    "HomeStorage1": {
        "type": "ProsumerStorage",
        "s0": 32.36509836822046,
        "sn": 23.734331766579043,
        "alpha": 0.13595079005737862,
        "eta": 0.8937031953799341,
        "power_limit_up": 35.98622911439643,
        "power_limit_down": -35.98622911439643,
        "su": [
            47.468663533158086,
            47.468663533158086,
            47.468663533158086,
            47.468663533158086,
            47.468663533158086,
            47.468663533158086,
            47.468663533158086,
            47.468663533158086,
            47.468663533158086,
            47.468663533158086,
            47.468663533158086,
            47.468663533158086
        ],
        "sl": [
            0,
            0,
            0,
            0,
            0,
            0,
            0,
            0,
            0,
            0,
            0,
            0
        ],
        "gamma": [
            0,
            0,
            0,
            0,
            0,
            0,
            0,
            0,
            0,
            0,
            0,
            0
        ],
        "available": [
            1,
            1,
            1,
            1,
            1,
            1,
            1,
            1,
            1,
            1,
            1,
            1
        ],
        "oppcprice": [
            44.67697420451233,
            27.666518948371404,
            11.045317453983252,
            57.05962653161262,
            29.710311028184194,
            19.313003910024616,
            66.5523026305882,
            -11.552127450856432,
            46.627483398125094,
            39.1667910553613,
            36.28069433360874,
            34.91584055432956
        ],
        "oppdprice": [
            37.9674503475923,
            24.89138555209459,
            5.071650274301509,
            52.79011271446307,
            23.665715764197017,
            12.584760579188774,
            59.435303759902645,
            -14.301490735134244,
            39.732947008914,
            32.73944994880173,
            31.230495698896455,
            33.48378639311304
        ],
        "beta": [
            0.03884051031722451,
            0.03884051031722451,
            0.03884051031722451,
            0.03884051031722451,
            0.03884051031722451,
            0.03884051031722451,
            0.03884051031722451,
            0.03884051031722451,
            0.03884051031722451,
            0.03884051031722451,
            0.03884051031722451,
            0.03884051031722451
        ]
    },
    "HeatPump0": {
        "type": "ProsumerStorage",
        "s0": 4.104124757576829,
        "sn": 21.353760418723088,
        "alpha": 0.1976459465013396,
        "eta": 0.5937302403295402,
        "power_limit_up": 41.913539789165576,
        "power_limit_down": 0,
        "su": [
            42.707520837446175,
            42.707520837446175,
            42.707520837446175,
            42.707520837446175,
            42.707520837446175,
            42.707520837446175,
            42.707520837446175,
            42.707520837446175,
            42.707520837446175,
            42.707520837446175,
            42.707520837446175,
            42.707520837446175
        ],
        "sl": [
            0,
            0,
            0,
            0,
            0,
            0,
            0,
            0,
            0,
            0,
            0,
            0
        ],
        "gamma": [
            3.4269486737696844,
            3.4269486737696844,
            3.4269486737696844,
            3.4269486737696844,
            3.4269486737696844,
            3.4269486737696844,
            3.4269486737696844,
            3.4269486737696844,
            3.4269486737696844,
            3.4269486737696844,
            3.4269486737696844,
            3.4269486737696844
        ],
        "available": [
            1,
            1,
            1,
            1,
            1,
            1,
            1,
            1,
            1,
            1,
            1,
            1
        ],
        "oppcprice": [
            23.084744168507637,
            30.32690224034298,
            22.067721392641303,
            30.411915692252233,
            18.316099145481225,
            -6.034202728844718,
            44.73136379343341,
            29.285841701113014,
            -3.4719559190945244,
            52.34086014735398,
            15.805376949780207,
            41.385210554563706
        ],
        "oppdprice": [
            19.69231613295707,
            29.761271820952693,
            16.61627301225189,
            27.751198731961686,
            11.370482044716361,
            -8.303585095896194,
            39.046612537011015,
            22.751372597169947,
            -6.779852440613859,
            44.50172051685393,
            14.436897183519111,
            33.422774364104086
        ],
        "beta": [
            0,
            0,
            0,
            0,
            0,
            0,
            0,
            0,
            0,
            0,
            0,
            0
        ]
    },
    "HeatPump1": {
        "type": "ProsumerStorage",
        "s0": 9.585753984302537,
        "sn": 17.750872077915176,
        "alpha": 0.1735194022122595,
        "eta": 0.6924377090234876,
        "power_limit_up": 14.16528519852935,
        "power_limit_down": 0,