{
    "HomeStorage0": {
        "type": "ProsumerStorage",
        "s0": 17.11922486033346,
        "sn": 11.882995105807915,
        "alpha": 0.1000114374817345,
        "eta": 0.8802332572631839,
        "power_limit_up": 7.543437294048341,
        "power_limit_down": -7.543437294048341,
        "su": [
            23.76599021161583,
            23.76599021161583,
            23.76599021161583,
            23.76599021161583,
            23.76599021161583,
            23.76599021161583,
            23.76599021161583,
            23.76599021161583,
            23.76599021161583,
            23.76599021161583,
            23.76599021161583,
            23.76599021161583
        ],
        "sl": [
            0,
            0,
            0,
            0,
            0,
            0,
            0,
            0,
            0,
            0,
            0,
            0
        ],
        "gamma": [
            0,
            0,
            0,
            0,
            0,
            0,
            0,
            0,
            0,
            0,
            0,
            0
        ],
        "available": [
            1,
            1,
            1,
            1,
            1,
            1,
            1,
            1,
            1,
            1,
            1,
            1
        ],
        "oppcprice": [
            10.50839797311159,
            -4.1204120641751825,
            -23.02582946080032,
            70.2758759440037,
            12.879623027546115,
            56.99631504163532,
            17.06915715375857,
            87.26953678307808,
            10.390318540365085,
            44.83238044361059,
            55.049196415425506,
            24.893060552033482
        ],
        "oppdprice": [
            10.25449057886677,
            -9.61301863890124,
            -25.487248535445808,
            69.28698916237201,
            12.036476335576893,
            49.67666873259354,
            9.381595419621629,
            80.62818013959463,
            9.415458567800389,
            37.61915511427499,
            50.418057415465924,
            24.556176793237498
        ],
        "beta": [
            0.21326611398920683,
            0.21326611398920683,
            0.21326611398920683,
            0.21326611398920683,
            0.21326611398920683,
            0.21326611398920683,
            0.21326611398920683,
            0.21326611398920683,
            0.21326611398920683,
            0.21326611398920683,
            0.21326611398920683,
            0.21326611398920683
        ]
    },
    "HomeStorage1": {
        "type": "ProsumerStorage",
        "s0": 11.400990143433495,
        "sn": 18.06723506388565,
        "alpha": 0.16865009276815837,
        "eta": 0.9334625671897373,
        "power_limit_up": 7.755563794659937,
        "power_limit_down": -7.755563794659937,
        "su": [
            36.1344701277713,
            36.1344701277713,
            36.1344701277713,
            36.1344701277713,
            36.1344701277713,
            36.1344701277713,
            36.1344701277713,
            36.1344701277713,
            36.1344701277713,
            36.1344701277713,
            36.1344701277713,
            36.1344701277713
        ],
        "sl": [
            0,
            0,
            0,
            0,
            0,
            0,
            0,
            0,
            0,
            0,
            0,
            0
        ],
        "gamma": [
            0,
            0,
            0,
            0,
            0,
            0,
            0,
            0,
            0,
            0,
            0,
            0
        ],
        "available": [
            1,
            1,
            1,
            1,
            1,
            1,
            1,
            1,
            1,
            1,
            1,
            1
        ],
        "oppcprice": [
            17.331936608180634,
            65.62186677581019,
            34.202181997741405,
            44.227063582748436,
            63.29115292112024,
            37.02977678209829,
            12.318966278858221,
            13.080537952658238,
            11.779825015764859,
            57.500908767387685,
            38.33355751198355,
            -6.364114533210238
        ],
        "oppdprice": [
            9.758836969117276,
            62.214807619746296,
            27.376010596987886,
            40.94150787797471,
            60.889219801287695,
            29.848452212720893,
            7.631414181414768,
            10.6357392144802,
            7.09325917198008,
            49.90053643895638,
            34.62072875930764,
            -9.053757371451926
        ],
        "beta": [
            0.20595564482332343,
            0.20595564482332343,
            0.20595564482332343,
            0.20595564482332343,
            0.20595564482332343,
            0.20595564482332343,
            0.20595564482332343,
            0.20595564482332343,
            0.20595564482332343,
            0.20595564482332343,
            0.20595564482332343,
            0.20595564482332343
        ]
    },
    "HeatPump0": {
        "type": "ProsumerStorage",
        "s0": 27.865331893627236,
        "sn": 23.7533820097933,
        "alpha": 0.19034019152878837,
        "eta": 0.5274949408292475,
        "power_limit_up": 14.794607653798748,
        "power_limit_down": 0,
        "su": [
            47.5067640195866,
            47.5067640195866,
            47.5067640195866,
            47.5067640195866,
            47.5067640195866,
            47.5067640195866,
            47.5067640195866,
            47.5067640195866,
            47.5067640195866,
            47.5067640195866,
            47.5067640195866,
            47.5067640195866
        ],
        "sl": [
            0,
            0,
            0,
            0,
            0,
            0,
            0,
            0,
            0,
            0,
            0,
            0
        ],
        "gamma": [
            4.293165572188993,
            4.293165572188993,
            4.293165572188993,
            4.293165572188993,
            4.293165572188993,
            4.293165572188993,
            4.293165572188993,
            4.293165572188993,
            4.293165572188993,
            4.293165572188993,
            4.293165572188993,
            4.293165572188993
        ],
        "available": [
            1,
            1,
            1,
            1,
            1,
            1,
            1,
            1,
            1,
            1,
            1,
            1
        ],
        "oppcprice": [
            9.532848052742928,
            30.68419406898993,
            34.429487110005915,
            55.64328509819194,
            62.37289103665346,
            64.82938883476153,
            47.615662006780234,
            63.60376438055275,
            19.88272157342259,
            73.40981747288768,
            53.678128544480245,
            32.050857730594245
        ],
        "oppdprice": [
            4.957577571713287,
            30.402914446177014,
            31.7370190925535,
            52.61685085986491,
            55.29085882028046,
            64.4253029044181,
            43.214959074619756,
            60.2308812956498,
            15.14781599551284,
            67.30603331483191,
            52.905164708978276,
            28.640293623972532
        ],
        "beta": [
            0,
            0,
            0,
            0,
            0,
            0,
            0,
            0,
            0,
            0,
            0,
            0
        ]
    },
    "HeatPump1": {
        "type": "ProsumerStorage",
        "s0": 3.1654379158504717,
        "sn": 2.564582358201077,
        "alpha": 0.13266449017720963,
        "eta": 0.6054116204515219,
        "power_limit_up": 4.661147308528492,
        "power_limit_down": 0,