{
    "HomeStorage0": {
        "type": "ProsumerStorage",
        "s0": 0.638297880031514,
        "sn": 12.309885298195084,
        "alpha": 0.15496624778787094,
        "eta": 0.8935322392618277,
        "power_limit_up": 13.203441202080214,
        "power_limit_down": -13.203441202080214,
        "su": [
            24.61977059639017,
            24.61977059639017,
            24.61977059639017,
            24.61977059639017,
            24.61977059639017,
            24.61977059639017,
            24.61977059639017,
            24.61977059639017,
            24.61977059639017,
            24.61977059639017,
            24.61977059639017,
            24.61977059639017
        ],
        "sl": [
            0,
            0,
            0,
            0,
            0,
            0,
            0,
            0,
            0,
            0,
            0,
            0
        ],
        "gamma": [
            0,
            0,
            0,
            0,
            0,
            0,
            0,
            0,
            0,
            0,
            0,
            0
        ],
        "available": [
            1,
            1,
            1,
            1,
            1,
            1,
            1,
            1,
            1,
            1,
            1,
            1
        ],
        "oppcprice": [
            11.347852841415703,
            23.54071713720327,
            -0.026849966733896835,
            63.8290613665206,
            59.72121799044463,
            2.038267658216453,
            10.380593167841454,
            42.36213512459659,
            3.8871855390506584,
            41.55388504635861,
            52.80226249718863,
            50.31974699359471
        ],
        "oppdprice": [
            7.301747540471125,
            22.313209020063013,
            -7.389686150661409,
            59.87103008749423,
            52.243510025539656,
            -2.5367537210044313,
            3.1528404931263543,
            35.37941489820681,
            0.6611480108794252,
            35.361981051192494,
            45.657827971668496,
            44.08219665015919
        ],
        "beta": [
            0.1399305140013197,
            0.1399305140013197,
            0.1399305140013197,
            0.1399305140013197,
            0.1399305140013197,
            0.1399305140013197,
            0.1399305140013197,
            0.1399305140013197,
            0.1399305140013197,
            0.1399305140013197,
            0.1399305140013197,
            0.1399305140013197
        ]
    },
    "HomeStorage1": {
        "type": "ProsumerStorage",
        "s0": 5.255499166895095,
        "sn": 13.025218403101755,
        "alpha": 0.1640406725214915,
        "eta": 0.8983069835551751,
        "power_limit_up": 15.739397158854102,
        "power_limit_down": -15.739397158854102,
        "su": [
            26.05043680620351,
            26.05043680620351,
            26.05043680620351,
            26.05043680620351,
            26.05043680620351,
            26.05043680620351,
            26.05043680620351,
            26.05043680620351,
            26.05043680620351,
            26.05043680620351,
            26.05043680620351,
            26.05043680620351
        ],
        "sl": [
            0,
            0,
            0,
            0,
            0,
            0,
            0,
            0,
            0,
            0,
            0,
            0
        ],
        "gamma": [
            0,
            0,
            0,
            0,
            0,
            0,
            0,
            0,
            0,
            0,
            0,
            0
        ],
        "available": [
            1,
            1,
            1,
            1,
            1,
            1,
            1,
            1,
            1,
            1,
            1,
            1
        ],
        "oppcprice": [
            73.86795936047453,
            26.95426950021521,
            8.640278321928362,
            47.42937035962483,
            66.65027346975937,
            40.00057205647007,
            61.50154866181607,
            -10.720023846940594,
            -5.032469922572989,
            -11.583289273621538,
            45.203974727569815,
            80.42242434013959
        ],
        "oppdprice": [
            73.49789717603346,
            23.30793478140003,
            1.29703770012856,
            42.360109573025,
            65.45707750179538,
            35.25077240085368,
            53.71916758897486,
            -16.742605934961766,
            -12.495314956677351,
            -11.632473182251356,
            44.9686172345872,
            78.82449114920028
        ],
        "beta": [
            0.24072684856218696,
            0.24072684856218696,
            0.24072684856218696,
            0.24072684856218696,
            0.24072684856218696,
            0.24072684856218696,
            0.24072684856218696,
            0.24072684856218696,
            0.24072684856218696,
            0.24072684856218696,
            0.24072684856218696,
            0.24072684856218696
        ]
    },
    "HeatPump0": {
        "type": "ProsumerStorage",
        "s0": 6.671407563096671,
        "sn": 19.711596860162835,
        "alpha": 0.12930232318194398,
        "eta": 0.6048133750600728,
        "power_limit_up": 19.13205324012466,
        "power_limit_down": 0,
        "su": [
            39.42319372032567,
            39.42319372032567,
            39.42319372032567,
            39.42319372032567,
            39.42319372032567,
            39.42319372032567,
            39.42319372032567,
            39.42319372032567,
            39.42319372032567,
            39.42319372032567,
            39.42319372032567,
            39.42319372032567
        ],
        "sl": [
            0,
            0,
            0,
            0,
            0,
            0,
            0,
            0,
            0,
            0,
            0,
            0
        ],
        "gamma": [
            2.061200220806955,
            2.061200220806955,
            2.061200220806955,
            2.061200220806955,
            2.061200220806955,
            2.061200220806955,
            2.061200220806955,
            2.061200220806955,
            2.061200220806955,
            2.061200220806955,
            2.061200220806955,
            2.061200220806955
        ],
        "available": [
            1,
            1,
            1,
            1,
            1,
            1,
            1,
            1,
            1,
            1,
            1,
            1
        ],
        "oppcprice": [
            38.944793608170514,
            48.693424890319484,
            -14.40861463276574,
            41.233480617111915,
            21.928651271252228,
            1.6149592869701876,
            53.981238133609295,
            59.60745536173874,
            22.57999285887905,
            62.465500841902404,
            29.826227152931036,
            41.7730402438972
        ],
        "oppdprice": [
            36.24240976231712,
            43.793612297305735,
            -18.43202424288964,
            36.55272731610941,
            16.735626481665353,
            -1.977217470434458,
            53.76452365260789,
            52.509665083643306,
            17.086061086316757,
            54.79988252042489,
            27.733425221898237,
            39.03313934516955
        ],
        "beta": [
            0,
            0,
            0,
            0,
            0,
            0,
            0,
            0,
            0,
            0,
            0,
            0
        ]
    },
    "HeatPump1": {
        "type": "ProsumerStorage",
        "s0": 6.109025557525044,
        "sn": 7.329304293998957,
        "alpha": 0.16438419341481952,
        "eta": 0.6322962653430882,
        "power_limit_up": 4.930887775953558,
        "power_limit_down": 0,