{
    "HomeStorage0": {
        "type": "ProsumerStorage",
        "s0": 21.092824206576736,
        "sn": 14.89295280792795,
        "alpha": 0.12909047389129444,
        "eta": 0.9010827605197662,
        "power_limit_up": 27.234968084903365,
        "power_limit_down": -27.234968084903365,
        "su": [
            29.7859056158559,
            29.7859056158559,
            29.7859056158559,
            29.7859056158559,
            29.7859056158559,
            29.7859056158559,
            29.7859056158559,
            29.7859056158559,
            29.7859056158559,
            29.7859056158559,
            29.7859056158559,
            29.7859056158559
        ],
        "sl": [
            0,
            0,
            0,
            0,
            0,
            0,
            0,
            0,
            0,
            0,
            0,
            0
        ],
        "gamma": [
            0,
            0,
            0,
            0,
            0,
            0,
            0,
            0,
            0,
            0,
            0,
            0
        ],
        "available": [
            1,
            1,
            1,
            1,
            1,
            1,
            1,
            1,
            1,
            1,
            1,
            1
        ],
        "oppcprice": [
            27.73221011566177,
            38.45544425081718,
            95.40197698967545,
            23.965000634956542,
            65.04630371531495,
            8.52243691793068,
            30.73786198423428,
            41.767966227029994,
            -3.402274112183537,
            50.610289603321576,
            -3.4441980955631104,
            22.96171932826701
        ],
        "oppdprice": [
            25.27731346216574,
            33.979073992183096,
            88.65691889747515,
            20.3221927792113,
            63.28882183140588,
            2.973345176940118,
            24.51352505569173,
            36.87173628747519,
            -3.911204913300094,
            50.41825298310505,
            -6.065128688260601,
            22.184392196574194
        ],
        "beta": [
            0.33830034851727175,
            0.33830034851727175,
            0.33830034851727175,
            0.33830034851727175,
            0.33830034851727175,
            0.33830034851727175,
            0.33830034851727175,
            0.33830034851727175,
            0.33830034851727175,
            0.33830034851727175,
            0.33830034851727175,
            0.33830034851727175
        ]
    },
    "HomeStorage1": {
        "type": "ProsumerStorage",
        "s0": 2.0296716381794493,
        "sn": 11.004865929900006,
        "alpha": 0.16534109025235363,
        "eta": 0.905784076238845,
        "power_limit_up": 10.768301159927578,
        "power_limit_down": -10.768301159927578,
        "su": [
            22.009731859800013,
            22.009731859800013,
            22.009731859800013,
            22.009731859800013,
            22.009731859800013,
            22.009731859800013,
            22.009731859800013,
            22.009731859800013,
            22.009731859800013,
            22.009731859800013,
            22.009731859800013,
            22.009731859800013
        ],
        "sl": [
            0,
            0,
            0,
            0,
            0,
            0,
            0,
            0,
            0,
            0,
            0,
            0
        ],
        "gamma": [
            0,
            0,
            0,
            0,
            0,
            0,
            0,
            0,
            0,
            0,
            0,
            0
        ],
        "available": [
            1,
            1,
            1,
            1,
            1,
            1,
            1,
            1,
            1,
            1,
            1,
            1
        ],
        "oppcprice": [
            27.34524646739368,
            2.7795853268974215,
            -6.207585573534653,
            33.78068722531553,
            30.173688914367833,
            -8.351096054284978,
            46.78761442204388,
            68.37197428021038,
            13.610341885909428,
            14.26530437941518,
            2.087927284842264,
            34.16011003452222
        ],
        "oppdprice": [
            20.956276155738266,
            -1.1081341945630427,
            -13.509750623288216,
            29.649371484128224,
            25.0710986134705,
            -10.68960307975961,
            44.761584206859915,
            65.9007176550565,
            11.123785195948741,
            9.254105372606606,
            -0.5669942772755956,
            28.878899346176762
        ],
        "beta": [
            0.22911754794755002,
            0.22911754794755002,
            0.22911754794755002,
            0.22911754794755002,
            0.22911754794755002,
            0.22911754794755002,
            0.22911754794755002,
            0.22911754794755002,
            0.22911754794755002,
            0.22911754794755002,
            0.22911754794755002,
            0.22911754794755002
        ]
    },
    "HeatPump0": {
        "type": "ProsumerStorage",
        "s0": 8.752140200541657,
        "sn": 9.830661056459675,
        "alpha": 0.10615289308299393,
        "eta": 0.5485350844368676,
        "power_limit_up": 19.21465786716822,
        "power_limit_down": 0,
        "su": [
            19.66132211291935,
            19.66132211291935,
            19.66132211291935,
            19.66132211291935,
            19.66132211291935,
            19.66132211291935,
            19.66132211291935,
            19.66132211291935,
            19.66132211291935,
            19.66132211291935,
            19.66132211291935,
            19.66132211291935
        ],
        "sl": [
            0,
            0,
            0,
            0,
            0,
            0,
            0,
            0,
            0,
            0,
            0,
            0
        ],
        "gamma": [
            1.2097456214447841,
            1.2097456214447841,
            1.2097456214447841,
            1.2097456214447841,
            1.2097456214447841,
            1.2097456214447841,
            1.2097456214447841,
            1.2097456214447841,
            1.2097456214447841,
            1.2097456214447841,
            1.2097456214447841,
            1.2097456214447841
        ],
        "available": [
            1,
            1,
            1,
            1,
            1,
            1,
            1,
            1,
            1,
            1,
            1,
            1
        ],
        "oppcprice": [
            67.9506003265668,
            75.56634185179963,
            34.735608555780004,
            87.32386750415826,
            22.00726639168764,
            44.01644974306726,
            44.07855207366618,
            11.621459361692683,
            51.67857630080219,
            91.70609227734651,
            12.668510010451024,
            63.98235855575505
        ],
        "oppdprice": [
            67.36440580059663,
            74.2798863141994,
            32.5461645432043,
            83.16578715284155,
            20.744091878700814,
            41.97446833046214,
            41.36115932486308,
            10.933261497740185,
            48.74790081110279,
            86.63361695616739,
            9.091266595654588,
            57.553403169356145
        ],
        "beta": [
            0,
            0,
            0,
            0,
            0,
            0,
            0,
            0,
            0,
            0,
            0,
            0
        ]
    },
    "HeatPump1": {
        "type": "ProsumerStorage",
        "s0": 9.900494518797773,
        "sn": 6.82162666885607,
        "alpha": 0.17849367034311311,
        "eta": 0.6944196727367531,
        "power_limit_up": 12.016665568221706,
        "power_limit_down": 0,